femaleID,year,annual_density_cat,annual_density,broodID,plotID,CS,stzCS
1,1994,0.33,0.33,109,2,9,0
2,1994,0.33,0.33,159,2,10,0.6
2,1995,0.36,0.36,368,2,9,0
3,1994,0.33,0.33,136,2,10,0.6
3,1995,0.36,0.36,347,2,11,1.2
4,1994,0.33,0.33,296,7,11,1.2
5,1994,0.33,0.33,259,6,9,0
6,1994,0.33,0.33,272,7,15,3.61
7,1994,0.33,0.33,152,2,10,0.6
7,1995,0.36,0.36,362,2,11,1.2
8,1994,0.33,0.33,171,2,9,0
9,1994,0.33,0.33,234,4,10,0.6
9,1995,0.36,0.36,438,4,9,0
10,1994,0.33,0.33,119,2,9,0
11,1994,0.33,0.33,92,1,9,0
11,1995,0.36,0.36,326,2,9,0
12,1994,0.33,0.33,97,1,11,1.2
13,1994,0.33,0.33,94,1,9,0
14,1994,0.33,0.33,95,1,10,0.6
15,1994,0.33,0.33,206,4,9,0
16,1994,0.33,0.33,229,4,9,0
17,1994,0.33,0.33,305,8,11,1.2
18,1994,0.33,0.33,107,2,11,1.2
18,1995,0.36,0.36,320,2,4,-3.01
19,1994,0.33,0.33,106,2,11,1.2
20,1994,0.33,0.33,122,2,10,0.6
20,1995,0.36,0.36,335,2,9,0
21,1994,0.33,0.33,105,2,10,0.6
21,1995,0.36,0.36,316,2,9,0
22,1994,0.33,0.33,114,2,9,0
23,1994,0.33,0.33,116,2,11,1.2
23,1995,0.36,0.36,376,2,10,0.6
24,1994,0.33,0.33,124,2,12,1.81
25,1994,0.33,0.33,131,2,10,0.6
26,1994,0.33,0.33,123,2,11,1.2
27,1994,0.33,0.33,132,2,10,0.6
27,1995,0.36,0.36,343,2,10,0.6
28,1994,0.33,0.33,128,2,10,0.6
29,1994,0.33,0.33,146,2,12,1.81
29,1995,0.36,0.36,355,2,12,1.81
30,1994,0.33,0.33,148,2,9,0
30,1995,0.36,0.36,346,2,9,0
31,1994,0.33,0.33,248,5,10,0.6
32,1994,0.33,0.33,150,2,10,0.6
32,1995,0.36,0.36,358,2,9,0
33,1994,0.33,0.33,135,2,12,1.81
33,1995,0.36,0.36,345,2,10,0.6
34,1994,0.33,0.33,170,2,12,1.81
35,1994,0.33,0.33,154,2,10,0.6
35,1995,0.36,0.36,360,2,12,1.81
36,1994,0.33,0.33,187,3,10,0.6
36,1995,0.36,0.36,400,3,10,0.6
36,1996,0.38,0.38,638,3,8,-0.6
37,1994,0.33,0.33,182,2,9,0
38,1994,0.33,0.33,160,2,8,-0.6
38,1995,0.36,0.36,367,2,10,0.6
39,1994,0.33,0.33,162,2,10,0.6
40,1994,0.33,0.33,184,2,11,1.2
41,1994,0.33,0.33,158,2,11,1.2
42,1994,0.33,0.33,151,2,9,0
42,1995,0.36,0.36,371,2,9,0
42,1996,0.38,0.38,611,2,7,-1.2
43,1994,0.33,0.33,103,2,10,0.6
44,1994,0.33,0.33,202,4,8,-0.6
45,1994,0.33,0.33,205,4,11,1.2
45,1995,0.36,0.36,405,4,8,-0.6
45,1996,0.38,0.38,647,4,8,-0.6
45,1997,0.4,0.4,881,4,8,-0.6
45,1999,0.49,0.49,1335,4,7,-1.2
46,1994,0.33,0.33,214,4,10,0.6
46,1995,0.36,0.36,483,4,9,0
46,1997,0.4,0.4,894,4,8,-0.6
46,1998,0.37,0.37,1119,4,9,0
47,1994,0.33,0.33,275,7,11,1.2
48,1994,0.33,0.33,268,7,11,1.2
49,1994,0.33,0.33,228,4,9,0
49,1995,0.36,0.36,434,4,8,-0.6
49,1996,0.38,0.38,675,4,6,-1.81
49,1997,0.4,0.4,911,4,8,-0.6
50,1994,0.33,0.33,231,4,9,0
50,1995,0.36,0.36,439,4,9,0
51,1994,0.33,0.33,236,4,10,0.6
52,1994,0.33,0.33,283,7,12,1.81
53,1994,0.33,0.33,297,7,13,2.41
53,1995,0.36,0.36,475,7,14,3.01
53,1996,0.38,0.38,719,7,12,1.81
53,1997,0.4,0.4,960,7,12,1.81
54,1994,0.33,0.33,240,5,10,0.6
55,1994,0.33,0.33,264,7,11,1.2
56,1994,0.33,0.33,290,7,14,3.01
57,1994,0.33,0.33,266,7,14,3.01
57,1995,0.36,0.36,455,7,12,1.81
58,1994,0.33,0.33,227,4,10,0.6
58,1995,0.36,0.36,427,4,11,1.2
59,1994,0.33,0.33,180,2,9,0
60,1994,0.33,0.33,172,2,10,0.6
61,1994,0.33,0.33,134,2,10,0.6
62,1994,0.33,0.33,165,2,11,1.2
63,1994,0.33,0.33,175,2,13,2.41
64,1994,0.33,0.33,141,2,12,1.81
64,1995,0.36,0.36,350,2,11,1.2
65,1994,0.33,0.33,235,4,10,0.6
66,1994,0.33,0.33,246,5,9,0
67,1994,0.33,0.33,89,2,8,-0.6
68,1995,0.36,0.36,432,4,9,0
68,1996,0.38,0.38,662,4,7,-1.2
68,1997,0.4,0.4,898,4,6,-1.81
68,1998,0.37,0.37,1127,4,10,0.6
68,1999,0.49,0.49,1351,4,8,-0.6
69,1994,0.33,0.33,244,5,9,0
70,1994,0.33,0.33,242,5,11,1.2
71,1994,0.33,0.33,238,5,12,1.81
71,1995,0.36,0.36,442,5,11,1.2
72,1994,0.33,0.33,188,3,11,1.2
73,1994,0.33,0.33,260,6,13,2.41
74,1994,0.33,0.33,295,7,13,2.41
74,1995,0.36,0.36,389,2,11,1.2
75,1994,0.33,0.33,271,7,12,1.81
76,1994,0.33,0.33,200,4,11,1.2
76,1995,0.36,0.36,403,4,10,0.6
77,1994,0.33,0.33,221,4,12,1.81
77,1995,0.36,0.36,420,4,12,1.81
78,1994,0.33,0.33,230,4,10,0.6
79,1994,0.33,0.33,237,4,11,1.2
79,1995,0.36,0.36,410,4,10,0.6
80,1994,0.33,0.33,88,2,9,0
81,1994,0.33,0.33,286,7,12,1.81
81,1995,0.36,0.36,474,7,12,1.81
82,1995,0.36,0.36,478,8,12,1.81
83,1994,0.33,0.33,285,7,10,0.6
84,1995,0.36,0.36,449,5,9,0
85,1995,0.36,0.36,477,7,12,1.81
85,1996,0.38,0.38,715,7,11,1.2
86,1994,0.33,0.33,256,5,8,-0.6
87,1994,0.33,0.33,176,2,11,1.2
88,1995,0.36,0.36,402,4,9,0
89,1995,0.36,0.36,314,1,11,1.2
90,1995,0.36,0.36,357,2,9,0
90,1996,0.38,0.38,594,2,9,0
90,1997,0.4,0.4,827,2,9,0
90,1998,0.37,0.37,1059,2,10,0.6
91,1995,0.36,0.36,447,5,10,0.6
92,1995,0.36,0.36,315,2,10,0.6
93,1995,0.36,0.36,354,2,9,0
93,1996,0.38,0.38,596,2,9,0
94,1995,0.36,0.36,330,2,9,0
95,1995,0.36,0.36,313,1,14,3.01
96,1995,0.36,0.36,401,4,10,0.6
97,1995,0.36,0.36,377,2,9,0
98,1995,0.36,0.36,444,5,10,0.6
99,1995,0.36,0.36,322,2,10,0.6
100,1995,0.36,0.36,393,3,9,0
100,1996,0.38,0.38,632,3,10,0.6
100,1997,0.4,0.4,870,3,5,-2.41
100,1998,0.37,0.37,1089,3,9,0
101,1995,0.36,0.36,399,3,11,1.2
102,1995,0.36,0.36,404,4,8,-0.6
103,1995,0.36,0.36,365,2,9,0
104,1995,0.36,0.36,423,4,8,-0.6
105,1995,0.36,0.36,364,2,9,0
105,1996,0.38,0.38,602,2,9,0
105,1997,0.4,0.4,844,2,10,0.6
105,1998,0.37,0.37,1060,2,10,0.6
106,1995,0.36,0.36,397,3,8,-0.6
106,1996,0.38,0.38,637,3,8,-0.6
107,1995,0.36,0.36,344,2,11,1.2
108,1995,0.36,0.36,429,4,9,0
108,1996,0.38,0.38,668,4,8,-0.6
109,1995,0.36,0.36,328,2,7,-1.2
110,1995,0.36,0.36,340,2,11,1.2
111,1995,0.36,0.36,448,5,10,0.6
112,1995,0.36,0.36,450,6,11,1.2
112,1996,0.38,0.38,691,6,12,1.81
113,1995,0.36,0.36,430,4,11,1.2
114,1995,0.36,0.36,425,4,10,0.6
114,1996,0.38,0.38,665,4,8,-0.6
114,1997,0.4,0.4,901,4,10,0.6
115,1995,0.36,0.36,327,2,10,0.6
116,1995,0.36,0.36,414,4,10,0.6
117,1995,0.36,0.36,406,4,9,0
117,1996,0.38,0.38,646,4,9,0
118,1995,0.36,0.36,454,6,10,0.6
118,1996,0.38,0.38,696,7,12,1.81
119,1995,0.36,0.36,390,3,11,1.2
119,1996,0.38,0.38,770,3,9,0
119,1997,0.4,0.4,868,3,11,1.2
120,1995,0.36,0.36,398,3,9,0
121,1995,0.36,0.36,417,4,7,-1.2
121,1997,0.4,0.4,892,4,12,1.81
122,1995,0.36,0.36,383,2,11,1.2
123,1995,0.36,0.36,311,1,9,0
124,1995,0.36,0.36,319,2,10,0.6
125,1995,0.36,0.36,468,7,9,0
126,1995,0.36,0.36,433,4,7,-1.2
127,1995,0.36,0.36,395,3,9,0
127,1996,0.38,0.38,635,3,7,-1.2
127,1997,0.4,0.4,874,3,7,-1.2
127,1998,0.37,0.37,1095,3,9,0
128,1995,0.36,0.36,317,2,9,0
129,1996,0.38,0.38,619,2,10,0.6
129,1997,0.4,0.4,846,2,10,0.6
130,1995,0.36,0.36,318,2,7,-1.2
131,1995,0.36,0.36,467,7,12,1.81
132,1995,0.36,0.36,424,4,11,1.2
132,1996,0.38,0.38,667,4,9,0
133,1995,0.36,0.36,415,4,9,0
133,1996,0.38,0.38,655,4,7,-1.2
133,1997,0.4,0.4,895,4,12,1.81
133,1998,0.37,0.37,1115,4,8,-0.6
134,1995,0.36,0.36,458,7,12,1.81
135,1995,0.36,0.36,480,8,10,0.6
136,1995,0.36,0.36,469,7,11,1.2
137,1995,0.36,0.36,374,2,12,1.81
137,1996,0.38,0.38,615,2,11,1.2
138,1995,0.36,0.36,381,2,9,0
139,1995,0.36,0.36,348,2,11,1.2
139,1996,0.38,0.38,587,2,11,1.2
140,1995,0.36,0.36,411,4,9,0
141,1995,0.36,0.36,307,2,10,0.6
142,1995,0.36,0.36,332,2,9,0
143,1995,0.36,0.36,452,6,11,1.2
144,1995,0.36,0.36,464,7,9,0
144,1996,0.38,0.38,702,7,10,0.6
145,1995,0.36,0.36,413,4,12,1.81
146,1995,0.36,0.36,443,5,11,1.2
147,1995,0.36,0.36,440,4,10,0.6
147,1996,0.38,0.38,680,4,8,-0.6
148,1995,0.36,0.36,309,2,8,-0.6
148,1996,0.38,0.38,538,2,5,-2.41
149,1996,0.38,0.38,624,2,7,-1.2
150,1996,0.38,0.38,606,2,8,-0.6
151,1996,0.38,0.38,617,2,8,-0.6
152,1997,0.4,0.4,944,7,11,1.2
153,1996,0.38,0.38,709,7,10,0.6
154,1996,0.38,0.38,716,7,10,0.6
155,1996,0.38,0.38,700,7,12,1.81
156,1996,0.38,0.38,575,2,10,0.6
157,1996,0.38,0.38,589,2,11,1.2
157,1997,0.4,0.4,833,2,10,0.6
157,1998,0.37,0.37,1047,2,11,1.2
157,1999,0.49,0.49,1284,2,10,0.6
158,1996,0.38,0.38,609,2,10,0.6
159,1996,0.38,0.38,567,2,9,0
159,1997,0.4,0.4,803,2,9,0
159,1999,0.49,0.49,1268,2,5,-2.41
160,1996,0.38,0.38,569,2,9,0
161,1997,0.4,0.4,811,2,9,0
162,1996,0.38,0.38,692,6,12,1.81
162,1997,0.4,0.4,932,6,13,2.41
163,1996,0.38,0.38,693,6,12,1.81
163,1997,0.4,0.4,933,6,11,1.2
164,1996,0.38,0.38,701,7,10,0.6
165,1996,0.38,0.38,559,2,9,0
165,1997,0.4,0.4,797,2,9,0
165,1998,0.37,0.37,1017,2,8,-0.6
166,1996,0.38,0.38,639,3,7,-1.2
167,1996,0.38,0.38,721,7,11,1.2
168,1996,0.38,0.38,565,2,11,1.2
169,1996,0.38,0.38,566,2,8,-0.6
169,1997,0.4,0.4,804,2,9,0
170,1996,0.38,0.38,671,4,11,1.2
171,1996,0.38,0.38,640,3,8,-0.6
172,1996,0.38,0.38,604,2,9,0
173,1996,0.38,0.38,545,1,9,0
174,1997,0.4,0.4,927,5,8,-0.6
175,1996,0.38,0.38,659,4,4,-3.01
175,1997,0.4,0.4,893,4,8,-0.6
176,1996,0.38,0.38,540,2,10,0.6
177,1996,0.38,0.38,673,4,7,-1.2
177,1997,0.4,0.4,918,4,11,1.2
177,1998,0.37,0.37,1141,4,12,1.81
178,1996,0.38,0.38,710,7,13,2.41
179,1996,0.38,0.38,648,4,7,-1.2
179,1997,0.4,0.4,899,4,8,-0.6
180,1997,0.4,0.4,785,2,10,0.6
180,1998,0.37,0.37,1001,1,11,1.2
180,1999,0.49,0.49,1244,1,10,0.6
181,1996,0.38,0.38,557,2,7,-1.2
181,1997,0.4,0.4,795,2,6,-1.81
182,1996,0.38,0.38,663,4,7,-1.2
183,1996,0.38,0.38,644,4,5,-2.41
183,1997,0.4,0.4,883,4,7,-1.2
183,1998,0.37,0.37,1101,4,7,-1.2
183,1999,0.49,0.49,1336,4,7,-1.2
184,1996,0.38,0.38,685,5,7,-1.2
185,1996,0.38,0.38,552,2,7,-1.2
186,1996,0.38,0.38,581,2,9,0
187,1997,0.4,0.4,876,3,11,1.2
187,1998,0.37,0.37,1113,4,10,0.6
188,1997,0.4,0.4,779,1,10,0.6
188,1998,0.37,0.37,1000,1,11,1.2
189,1996,0.38,0.38,584,2,6,-1.81
189,1997,0.4,0.4,818,2,7,-1.2
189,1998,0.37,0.37,1042,2,11,1.2
190,1996,0.38,0.38,622,2,7,-1.2
190,1997,0.4,0.4,859,2,8,-0.6
190,1998,0.37,0.37,1079,2,10,0.6
190,1999,0.49,0.49,1313,2,7,-1.2
191,1997,0.4,0.4,848,2,9,0
192,1996,0.38,0.38,560,2,7,-1.2
193,1996,0.38,0.38,708,7,10,0.6
194,1996,0.38,0.38,563,2,9,0
195,1996,0.38,0.38,553,2,9,0
196,1997,0.4,0.4,783,2,10,0.6
197,1996,0.38,0.38,718,7,9,0
197,1997,0.4,0.4,956,7,11,1.2
198,1996,0.38,0.38,600,2,9,0
198,1997,0.4,0.4,840,2,10,0.6
198,1998,0.37,0.37,1061,2,10,0.6
198,1999,0.49,0.49,1279,2,8,-0.6
199,1996,0.38,0.38,597,2,9,0
199,1997,0.4,0.4,836,2,10,0.6
200,1996,0.38,0.38,687,5,9,0
201,1996,0.38,0.38,626,2,10,0.6
202,1997,0.4,0.4,832,2,10,0.6
203,1996,0.38,0.38,694,6,9,0
203,1997,0.4,0.4,934,6,11,1.2
204,1996,0.38,0.38,714,7,9,0
205,1996,0.38,0.38,698,7,11,1.2
206,1996,0.38,0.38,726,8,11,1.2
207,1996,0.38,0.38,682,4,7,-1.2
208,1997,0.4,0.4,920,4,10,0.6
208,1998,0.37,0.37,1140,4,9,0
208,1999,0.49,0.49,1366,4,8,-0.6
209,1996,0.38,0.38,660,4,7,-1.2
210,1996,0.38,0.38,641,4,10,0.6
210,1997,0.4,0.4,889,4,12,1.81
210,1998,0.37,0.37,1108,4,12,1.81
210,1999,0.49,0.49,1334,4,13,2.41
210,2000,0.43,0.43,1576,4,12,1.81
211,1996,0.38,0.38,686,5,11,1.2
211,1997,0.4,0.4,926,5,10,0.6
211,1998,0.37,0.37,1146,5,15,3.61
211,1999,0.49,0.49,1370,5,10,0.6
212,1996,0.38,0.38,725,8,11,1.2
212,1997,0.4,0.4,965,8,7,-1.2
212,1998,0.37,0.37,1171,8,8,-0.6
213,1996,0.38,0.38,695,6,14,3.01
214,1996,0.38,0.38,711,7,7,-1.2
215,1996,0.38,0.38,705,7,8,-0.6
216,1996,0.38,0.38,549,2,8,-0.6
217,1996,0.38,0.38,568,2,9,0
218,1996,0.38,0.38,547,2,9,0
218,1997,0.4,0.4,778,1,8,-0.6
218,1998,0.37,0.37,1004,2,9,0
219,1996,0.38,0.38,649,4,6,-1.81
220,1996,0.38,0.38,651,4,10,0.6
220,1997,0.4,0.4,890,4,10,0.6
220,1998,0.37,0.37,1109,4,11,1.2
220,1999,0.49,0.49,1343,4,10,0.6
221,1996,0.38,0.38,679,4,10,0.6
221,1997,0.4,0.4,919,4,13,2.41
221,1998,0.37,0.37,1136,4,12,1.81
221,1999,0.49,0.49,1365,4,13,2.41
221,2000,0.43,0.43,1606,4,12,1.81
222,1996,0.38,0.38,657,4,9,0
222,1997,0.4,0.4,887,4,12,1.81
222,1998,0.37,0.37,1129,4,12,1.81
223,1997,0.4,0.4,915,4,9,0
224,1996,0.38,0.38,684,5,11,1.2
225,1996,0.38,0.38,631,3,4,-3.01
226,1996,0.38,0.38,585,2,9,0
227,1996,0.38,0.38,683,5,15,3.61
228,1996,0.38,0.38,607,2,6,-1.81
229,1996,0.38,0.38,627,2,15,3.61
230,1997,0.4,0.4,938,7,9,0
231,1997,0.4,0.4,930,5,13,2.41
232,1997,0.4,0.4,794,2,10,0.6
233,1997,0.4,0.4,866,2,9,0
233,1999,0.49,0.49,1314,2,15,3.61
234,1997,0.4,0.4,963,8,11,1.2
234,1998,0.37,0.37,1168,8,11,1.2
234,1999,0.49,0.49,1394,8,10,0.6
235,1997,0.4,0.4,862,2,11,1.2
236,1997,0.4,0.4,946,7,10,0.6
237,1997,0.4,0.4,878,3,9,0
237,1998,0.37,0.37,1096,3,7,-1.2
238,1998,0.37,0.37,1036,2,8,-0.6
239,1997,0.4,0.4,776,2,10,0.6
239,1998,0.37,0.37,997,2,10,0.6
240,1998,0.37,0.37,1008,2,8,-0.6
240,1999,0.49,0.49,1247,2,8,-0.6
240,2000,0.43,0.43,1470,2,9,0
241,1997,0.4,0.4,937,7,10,0.6
242,1997,0.4,0.4,942,7,11,1.2
243,1997,0.4,0.4,851,2,9,0
243,1998,0.37,0.37,1072,2,10,0.6
244,1998,0.37,0.37,1058,2,10,0.6
244,1999,0.49,0.49,1295,2,9,0
244,2000,0.43,0.43,1518,2,10,0.6
244,2001,0.42,0.42,1767,2,9,0
244,2003,0.5,0.5,2290,2,10,0.6
245,1997,0.4,0.4,780,1,8,-0.6
246,1997,0.4,0.4,914,4,9,0
246,1998,0.37,0.37,1116,4,12,1.81
247,1997,0.4,0.4,782,1,10,0.6
248,1997,0.4,0.4,885,4,10,0.6
248,1998,0.37,0.37,1106,4,10,0.6
248,1999,0.49,0.49,1347,4,8,-0.6
249,1997,0.4,0.4,822,2,8,-0.6
250,1997,0.4,0.4,793,2,9,0
250,1998,0.37,0.37,1027,2,12,1.81
251,1997,0.4,0.4,908,4,9,0
252,1998,0.37,0.37,1125,4,11,1.2
252,1999,0.49,0.49,1354,4,10,0.6
253,1998,0.37,0.37,998,2,8,-0.6
254,1997,0.4,0.4,808,2,11,1.2
255,1997,0.4,0.4,928,5,10,0.6
256,1997,0.4,0.4,792,2,11,1.2
257,1997,0.4,0.4,929,5,10,0.6
258,1998,0.37,0.37,996,2,10,0.6
259,1997,0.4,0.4,931,6,13,2.41
260,1997,0.4,0.4,819,2,7,-1.2
261,1997,0.4,0.4,950,7,9,0
262,1997,0.4,0.4,964,8,11,1.2
263,1998,0.37,0.37,1148,5,10,0.6
264,1997,0.4,0.4,951,7,9,0
265,1997,0.4,0.4,941,7,9,0
266,1997,0.4,0.4,777,2,10,0.6
267,1997,0.4,0.4,916,4,8,-0.6
267,1998,0.37,0.37,1135,4,9,0
268,1997,0.4,0.4,781,1,9,0
268,1998,0.37,0.37,1037,2,12,1.81
269,1997,0.4,0.4,952,7,11,1.2
270,1997,0.4,0.4,922,4,7,-1.2
271,1997,0.4,0.4,939,7,9,0
272,1997,0.4,0.4,940,7,11,1.2
273,1997,0.4,0.4,880,4,9,0
274,1997,0.4,0.4,902,4,6,-1.81
274,1998,0.37,0.37,1120,4,8,-0.6
274,1999,0.49,0.49,1350,4,6,-1.81
274,2000,0.43,0.43,1587,4,8,-0.6
275,1997,0.4,0.4,863,2,9,0
276,1997,0.4,0.4,935,6,14,3.01
277,1997,0.4,0.4,879,3,10,0.6
278,1997,0.4,0.4,873,3,9,0
278,1998,0.37,0.37,1090,3,10,0.6
279,1997,0.4,0.4,824,2,15,3.61
280,1997,0.4,0.4,842,2,9,0
281,1997,0.4,0.4,924,5,8,-0.6
282,1997,0.4,0.4,872,3,8,-0.6
282,1998,0.37,0.37,1092,3,9,0
283,1997,0.4,0.4,877,3,9,0
284,1997,0.4,0.4,801,2,10,0.6
285,1997,0.4,0.4,802,2,11,1.2
285,1998,0.37,0.37,1034,2,12,1.81
285,1999,0.49,0.49,1277,2,8,-0.6
285,2001,0.42,0.42,1753,2,10,0.6
286,1997,0.4,0.4,831,2,9,0
286,1998,0.37,0.37,1051,2,10,0.6
287,1997,0.4,0.4,807,2,12,1.81
288,1997,0.4,0.4,791,2,9,0
289,1997,0.4,0.4,788,2,8,-0.6
290,1997,0.4,0.4,913,4,9,0
290,1998,0.37,0.37,1132,4,10,0.6
290,1999,0.49,0.49,1363,4,10,0.6
291,1997,0.4,0.4,875,3,9,0
291,1998,0.37,0.37,1094,3,8,-0.6
292,1997,0.4,0.4,886,4,12,1.81
292,1998,0.37,0.37,1105,4,10,0.6
293,1997,0.4,0.4,923,5,11,1.2
294,1997,0.4,0.4,856,2,8,-0.6
295,1997,0.4,0.4,855,2,11,1.2
296,1999,0.49,0.49,1252,2,9,0
297,1998,0.37,0.37,1074,2,9,0
297,1999,0.49,0.49,1321,2,11,1.2
298,1998,0.37,0.37,1002,1,11,1.2
298,1999,0.49,0.49,1245,1,11,1.2
299,2001,0.42,0.42,1847,4,9,0
300,1998,0.37,0.37,1083,2,9,0
301,1998,0.37,0.37,1091,3,9,0
301,1999,0.49,0.49,1332,3,12,1.81
301,2000,0.43,0.43,1572,4,10,0.6
302,1998,0.37,0.37,1015,2,11,1.2
302,1999,0.49,0.49,1256,2,9,0
303,1998,0.37,0.37,1019,2,12,1.81
303,1999,0.49,0.49,1261,2,11,1.2
303,2001,0.42,0.42,1761,2,9,0
303,2002,0.45,0.45,1983,2,12,1.81
304,1998,0.37,0.37,1005,2,8,-0.6
304,2000,0.43,0.43,1472,2,11,1.2
305,1998,0.37,0.37,1134,4,7,-1.2
305,1999,0.49,0.49,1361,4,5,-2.41
305,2000,0.43,0.43,1601,4,7,-1.2
305,2001,0.42,0.42,1857,4,5,-2.41
306,1998,0.37,0.37,1048,2,9,0
307,1998,0.37,0.37,1086,2,10,0.6
308,1998,0.37,0.37,1014,2,10,0.6
308,1999,0.49,0.49,1418,2,9,0
308,2000,0.43,0.43,1479,2,7,-1.2
309,1998,0.37,0.37,1065,2,10,0.6
310,1998,0.37,0.37,1145,5,10,0.6
311,1998,0.37,0.37,1149,5,11,1.2
311,1999,0.49,0.49,1425,5,13,2.41
312,1998,0.37,0.37,1013,2,7,-1.2
313,1998,0.37,0.37,1123,4,8,-0.6
313,1999,0.49,0.49,1349,4,7,-1.2
314,1998,0.37,0.37,1097,3,9,0
315,1998,0.37,0.37,1067,2,7,-1.2
315,1999,0.49,0.49,1307,2,8,-0.6
316,1998,0.37,0.37,1049,2,10,0.6
316,1999,0.49,0.49,1271,2,8,-0.6
317,1998,0.37,0.37,1147,5,10,0.6
318,1998,0.37,0.37,1076,2,8,-0.6
319,1998,0.37,0.37,1144,5,12,1.81
319,1999,0.49,0.49,1434,5,11,1.2
319,2000,0.43,0.43,1615,5,12,1.81
320,1998,0.37,0.37,1167,8,10,0.6
321,1998,0.37,0.37,999,1,12,1.81
322,1999,0.49,0.49,1372,5,8,-0.6
323,1998,0.37,0.37,1009,2,10,0.6
323,1999,0.49,0.49,1251,2,8,-0.6
324,1999,0.49,0.49,1323,3,8,-0.6
324,2000,0.43,0.43,1553,3,9,0
325,1998,0.37,0.37,1128,4,8,-0.6
326,1998,0.37,0.37,1124,4,10,0.6
327,1998,0.37,0.37,1046,2,12,1.81
328,1998,0.37,0.37,1045,2,11,1.2
329,1998,0.37,0.37,1085,2,10,0.6
330,1998,0.37,0.37,1117,4,9,0
331,1999,0.49,0.49,1409,7,10,0.6
332,1998,0.37,0.37,1035,2,12,1.81
333,1998,0.37,0.37,1080,2,10,0.6
333,1999,0.49,0.49,1317,2,9,0
334,1998,0.37,0.37,1098,3,9,0
334,1999,0.49,0.49,1333,3,8,-0.6
335,1998,0.37,0.37,1155,7,13,2.41
336,1998,0.37,0.37,1142,4,9,0
337,1998,0.37,0.37,1026,2,9,0
337,1999,0.49,0.49,1262,2,9,0
338,1998,0.37,0.37,1022,2,11,1.2
339,1998,0.37,0.37,1137,4,11,1.2
339,1999,0.49,0.49,1360,4,10,0.6
340,1998,0.37,0.37,1122,4,9,0
341,1999,0.49,0.49,1259,2,9,0
341,2001,0.42,0.42,1745,2,10,0.6
342,1999,0.49,0.49,1345,4,10,0.6
343,2000,0.43,0.43,1603,4,8,-0.6
344,1999,0.49,0.49,1398,2,10,0.6
345,1999,0.49,0.49,1309,2,9,0
346,1999,0.49,0.49,1308,2,10,0.6
346,2000,0.43,0.43,1542,2,10,0.6
347,1999,0.49,0.49,1311,2,7,-1.2
347,2000,0.43,0.43,1541,2,10,0.6
347,2001,0.42,0.42,1811,2,9,0
347,2005,2.05,2.05,3083,17,7,-1.2
348,1999,0.49,0.49,1264,2,9,0
348,2001,0.42,0.42,1736,2,10,0.6
349,1999,0.49,0.49,1288,2,9,0
350,1999,0.49,0.49,1396,2,7,-1.2
351,1999,0.49,0.49,1280,2,8,-0.6
351,2000,0.43,0.43,1517,2,9,0
351,2001,0.42,0.42,1780,2,9,0
352,1999,0.49,0.49,1255,2,8,-0.6
353,1999,0.49,0.49,1364,4,9,0
354,1999,0.49,0.49,1367,4,8,-0.6
355,1999,0.49,0.49,1291,2,7,-1.2
356,1999,0.49,0.49,1378,7,9,0
357,1999,0.49,0.49,1329,3,8,-0.6
358,1999,0.49,0.49,1382,7,13,2.41
358,2000,0.43,0.43,1630,7,14,3.01
359,1999,0.49,0.49,1297,2,8,-0.6
360,1999,0.49,0.49,1327,3,6,-1.81
360,2000,0.43,0.43,1557,3,9,0
360,2001,0.42,0.42,1817,3,8,-0.6
361,1999,0.49,0.49,1373,5,7,-1.2
362,2000,0.43,0.43,1604,4,12,1.81
363,1999,0.49,0.49,1278,2,10,0.6
364,1999,0.49,0.49,1326,3,7,-1.2
365,1999,0.49,0.49,1341,4,7,-1.2
366,2002,0.45,0.45,1945,2,11,1.2
367,1999,0.49,0.49,1348,4,8,-0.6
368,1999,0.49,0.49,1371,5,8,-0.6
368,2000,0.43,0.43,1614,5,10,0.6
369,1999,0.49,0.49,1258,2,7,-1.2
370,1999,0.49,0.49,1305,2,7,-1.2
371,1999,0.49,0.49,1339,4,8,-0.6
371,2001,0.42,0.42,1830,4,9,0
372,1999,0.49,0.49,1298,2,8,-0.6
373,1999,0.49,0.49,1369,5,6,-1.81
374,1999,0.49,0.49,1243,1,8,-0.6
374,2000,0.43,0.43,1464,1,9,0
375,1999,0.49,0.49,1324,3,7,-1.2
376,1999,0.49,0.49,1362,4,7,-1.2
377,1999,0.49,0.49,1250,2,9,0
378,1999,0.49,0.49,1423,2,10,0.6
378,2000,0.43,0.43,1533,2,9,0
378,2001,0.42,0.42,1778,2,8,-0.6
379,1999,0.49,0.49,1383,7,13,2.41
380,1999,0.49,0.49,1242,1,7,-1.2
381,1999,0.49,0.49,1289,2,10,0.6
382,1999,0.49,0.49,1249,2,9,0
383,1999,0.49,0.49,1241,2,9,0
384,1999,0.49,0.49,1328,3,10,0.6
384,2001,0.42,0.42,1818,3,9,0
385,1999,0.49,0.49,1269,2,7,-1.2
386,1999,0.49,0.49,1282,2,8,-0.6
387,1999,0.49,0.49,1358,4,9,0
387,2000,0.43,0.43,1598,4,11,1.2
388,1999,0.49,0.49,1430,4,6,-1.81
389,1999,0.49,0.49,1431,4,13,2.41
389,2000,0.43,0.43,1583,4,9,0
389,2001,0.42,0.42,1842,4,7,-1.2
390,2000,0.43,0.43,1574,4,8,-0.6
391,1999,0.49,0.49,1416,7,12,1.81
392,1999,0.49,0.49,1320,2,10,0.6
392,2001,0.42,0.42,1805,2,9,0
393,1999,0.49,0.49,1356,4,10,0.6
394,1999,0.49,0.49,1390,8,9,0
395,1999,0.49,0.49,1322,3,7,-1.2
396,1999,0.49,0.49,1412,7,8,-0.6
396,2000,0.43,0.43,1641,7,9,0
397,1999,0.49,0.49,1246,1,8,-0.6
397,2000,0.43,0.43,1467,1,10,0.6
397,2001,0.42,0.42,1729,1,9,0
398,1999,0.49,0.49,1404,7,10,0.6
399,1999,0.49,0.49,1400,6,9,0
399,2000,0.43,0.43,1621,6,10,0.6
399,2001,0.42,0.42,1878,6,11,1.2
400,1999,0.49,0.49,1381,7,12,1.81
401,1999,0.49,0.49,1353,4,6,-1.81
402,1999,0.49,0.49,1414,7,11,1.2
403,1999,0.49,0.49,1385,7,15,3.61
404,1999,0.49,0.49,1379,7,9,0
404,2000,0.43,0.43,1640,7,9,0
405,1999,0.49,0.49,1273,2,10,0.6
406,1999,0.49,0.49,1413,7,12,1.81
407,1999,0.49,0.49,1399,4,10,0.6
408,1999,0.49,0.49,1344,4,8,-0.6
409,1999,0.49,0.49,1240,2,7,-1.2
410,1999,0.49,0.49,1302,2,8,-0.6
411,1999,0.49,0.49,1415,7,10,0.6
411,2000,0.43,0.43,1626,7,10,0.6
412,1999,0.49,0.49,1407,7,9,0
412,2000,0.43,0.43,1638,7,8,-0.6
413,1999,0.49,0.49,1375,6,13,2.41
414,1999,0.49,0.49,1325,3,6,-1.81
414,2000,0.43,0.43,1556,3,7,-1.2
414,2001,0.42,0.42,1815,3,6,-1.81
415,1999,0.49,0.49,1266,2,8,-0.6
416,1999,0.49,0.49,1331,3,9,0
417,1999,0.49,0.49,1337,4,7,-1.2
417,2000,0.43,0.43,1568,4,8,-0.6
418,1999,0.49,0.49,1272,2,9,0
419,1999,0.49,0.49,1274,2,8,-0.6
420,1999,0.49,0.49,1386,7,11,1.2
421,1999,0.49,0.49,1377,7,12,1.81
422,1999,0.49,0.49,1342,4,7,-1.2
423,1999,0.49,0.49,1330,3,11,1.2
424,1999,0.49,0.49,1392,8,9,0
425,1999,0.49,0.49,1287,2,6,-1.81
425,2001,0.42,0.42,1779,2,7,-1.2
426,1999,0.49,0.49,1403,7,11,1.2
427,1999,0.49,0.49,1300,2,8,-0.6
427,2000,0.43,0.43,1513,2,9,0
428,1999,0.49,0.49,1248,2,8,-0.6
429,1999,0.49,0.49,1281,2,9,0
430,2000,0.43,0.43,1608,4,7,-1.2
431,2001,0.42,0.42,1782,2,8,-0.6
431,2002,0.45,0.45,2039,2,7,-1.2
431,2003,0.5,0.5,2285,2,7,-1.2
432,2000,0.43,0.43,1570,4,7,-1.2
433,2000,0.43,0.43,1586,4,8,-0.6
434,2000,0.43,0.43,1465,1,11,1.2
434,2001,0.42,0.42,1727,1,9,0
435,2000,0.43,0.43,1567,4,7,-1.2
436,2000,0.43,0.43,1490,2,7,-1.2
437,2003,0.5,0.5,2405,5,11,1.2
438,2000,0.43,0.43,1493,2,13,2.41
439,2001,0.42,0.42,1791,2,8,-0.6
440,2000,0.43,0.43,1515,2,9,0
441,2000,0.43,0.43,1635,7,11,1.2
442,2000,0.43,0.43,1646,7,10,0.6
442,2002,0.45,0.45,2218,7,11,1.2
443,2000,0.43,0.43,1625,7,11,1.2
444,2000,0.43,0.43,1637,7,12,1.81
445,2000,0.43,0.43,1643,7,9,0
446,2000,0.43,0.43,1645,7,11,1.2
446,2001,0.42,0.42,1900,7,9,0
446,2002,0.45,0.45,2219,7,10,0.6
446,2003,0.5,0.5,2437,7,9,0
447,2000,0.43,0.43,1582,4,8,-0.6
447,2002,0.45,0.45,2154,4,11,1.2
448,2000,0.43,0.43,1539,2,9,0
448,2001,0.42,0.42,1796,2,9,0
449,2000,0.43,0.43,1550,2,10,0.6
450,2000,0.43,0.43,1632,7,9,0
451,2001,0.42,0.42,1803,2,10,0.6
451,2002,0.45,0.45,2061,2,8,-0.6
452,2001,0.42,0.42,1821,3,7,-1.2
453,2000,0.43,0.43,1649,7,9,0
453,2001,0.42,0.42,1901,7,9,0
454,2001,0.42,0.42,1726,1,8,-0.6
455,2000,0.43,0.43,1589,4,8,-0.6
456,2001,0.42,0.42,1725,1,12,1.81
457,2000,0.43,0.43,1611,5,10,0.6
458,2001,0.42,0.42,1836,4,8,-0.6
459,2000,0.43,0.43,1650,8,9,0
460,2000,0.43,0.43,1596,4,8,-0.6
461,2000,0.43,0.43,1584,4,7,-1.2
462,2001,0.42,0.42,1822,3,9,0
463,2000,0.43,0.43,1514,2,9,0
463,2001,0.42,0.42,1774,2,9,0
464,2000,0.43,0.43,1588,4,9,0
465,2001,0.42,0.42,1739,2,8,-0.6
465,2002,0.45,0.45,1980,2,7,-1.2
465,2003,0.5,0.5,2278,2,9,0
466,2001,0.42,0.42,1728,1,8,-0.6
467,2000,0.43,0.43,1579,4,7,-1.2
468,2000,0.43,0.43,1659,5,10,0.6
469,2000,0.43,0.43,1520,2,8,-0.6
469,2001,0.42,0.42,1763,2,8,-0.6
470,2001,0.42,0.42,1809,2,9,0
471,2000,0.43,0.43,1461,2,15,3.61
472,2000,0.43,0.43,1555,3,11,1.2
472,2001,0.42,0.42,1814,3,9,0
472,2002,0.45,0.45,2076,3,9,0
473,2000,0.43,0.43,1647,7,9,0
474,2000,0.43,0.43,1633,7,10,0.6
475,2001,0.42,0.42,1873,5,13,2.41
476,2003,0.5,0.5,2346,3,7,-1.2
477,2002,0.45,0.45,1996,2,9,0
478,2002,0.45,0.45,2097,4,9,0
479,2001,0.42,0.42,1765,2,9,0
479,2002,0.45,0.45,2012,2,10,0.6
480,2001,0.42,0.42,1724,2,10,0.6
480,2003,0.5,0.5,2242,2,10,0.6
481,2001,0.42,0.42,1776,2,10,0.6
482,2002,0.45,0.45,2100,4,9,0
483,2001,0.42,0.42,1820,3,10,0.6
484,2003,0.5,0.5,2367,4,8,-0.6
485,2001,0.42,0.42,1764,2,9,0
486,2001,0.42,0.42,1773,2,7,-1.2
486,2003,0.5,0.5,2299,2,9,0
487,2002,0.45,0.45,2069,2,9,0
488,2003,0.5,0.5,2298,2,9,0
489,2002,0.45,0.45,1953,1,9,0
490,2002,0.45,0.45,2213,7,12,1.81
491,2002,0.45,0.45,2179,6,11,1.2
492,2001,0.42,0.42,1751,2,7,-1.2
493,2002,0.45,0.45,1968,2,9,0
494,2001,0.42,0.42,1723,2,11,1.2
495,2003,0.5,0.5,2404,5,8,-0.6
496,2001,0.42,0.42,1748,2,10,0.6
497,2001,0.42,0.42,1762,2,9,0
498,2001,0.42,0.42,1734,2,9,0
499,2001,0.42,0.42,1758,2,10,0.6
500,2001,0.42,0.42,1747,2,14,3.01
501,2003,0.5,0.5,2380,4,7,-1.2
501,2004,0.56,0.56,2670,4,9,0
502,2001,0.42,0.42,1819,3,9,0
503,2001,0.42,0.42,1806,2,9,0
503,2002,0.45,0.45,2067,2,9,0
503,2003,0.5,0.5,2339,2,9,0
503,2004,0.56,0.56,2606,2,9,0
504,2001,0.42,0.42,1731,2,10,0.6
504,2002,0.45,0.45,1966,2,12,1.81
505,2002,0.45,0.45,2114,4,10,0.6
506,2001,0.42,0.42,1813,3,8,-0.6
506,2002,0.45,0.45,2075,3,10,0.6
507,2002,0.45,0.45,2116,4,7,-1.2
508,2002,0.45,0.45,2133,4,7,-1.2
509,2001,0.42,0.42,1770,2,9,0
510,2001,0.42,0.42,1816,3,5,-2.41
511,2001,0.42,0.42,1733,2,12,1.81
512,2001,0.42,0.42,1823,3,9,0
512,2002,0.45,0.45,2095,3,11,1.2
512,2003,0.5,0.5,2356,3,11,1.2
513,2001,0.42,0.42,1905,7,10,0.6
513,2002,0.45,0.45,2230,7,10,0.6
514,2001,0.42,0.42,1793,2,10,0.6
515,2001,0.42,0.42,1759,2,9,0
515,2002,0.45,0.45,1992,2,11,1.2
515,2003,0.5,0.5,2274,2,9,0
516,2001,0.42,0.42,1740,2,10,0.6
517,2002,0.45,0.45,2129,4,8,-0.6
517,2003,0.5,0.5,2394,4,8,-0.6
517,2004,0.56,0.56,2669,4,10,0.6
518,2001,0.42,0.42,1752,2,9,0
518,2002,0.45,0.45,1972,2,10,0.6
519,2001,0.42,0.42,1909,8,11,1.2
519,2002,0.45,0.45,2237,8,10,0.6
519,2003,0.5,0.5,2448,8,10,0.6
520,2001,0.42,0.42,1783,2,8,-0.6
521,2001,0.42,0.42,1790,2,9,0
522,2003,0.5,0.5,2293,2,7,-1.2
522,2004,0.56,0.56,2575,2,9,0
523,2002,0.45,0.45,2002,2,9,0
524,2002,0.45,0.45,2096,4,8,-0.6
525,2002,0.45,0.45,1963,2,9,0
525,2003,0.5,0.5,2243,2,8,-0.6
525,2004,0.56,0.56,2515,2,9,0
526,2002,0.45,0.45,1975,2,9,0
527,2002,0.45,0.45,2180,6,9,0
528,2002,0.45,0.45,2185,7,9,0
528,2003,0.5,0.5,2432,7,12,1.81
528,2004,0.56,0.56,2713,7,9,0
529,2003,0.5,0.5,2263,2,5,-2.41
530,2002,0.45,0.45,2177,6,8,-0.6
531,2002,0.45,0.45,2224,7,7,-1.2
532,2002,0.45,0.45,2206,7,11,1.2
532,2003,0.5,0.5,2434,7,11,1.2
533,2002,0.45,0.45,2208,7,11,1.2
533,2004,0.56,0.56,2733,7,10,0.6
534,2002,0.45,0.45,2193,7,10,0.6
534,2003,0.5,0.5,2423,7,10,0.6
534,2004,0.56,0.56,2717,7,11,1.2
535,2002,0.45,0.45,2157,5,10,0.6
536,2002,0.45,0.45,2081,3,7,-1.2
536,2003,0.5,0.5,2349,3,7,-1.2
536,2004,0.56,0.56,2620,3,9,0
537,2002,0.45,0.45,1974,2,9,0
538,2002,0.45,0.45,2050,2,9,0
538,2003,0.5,0.5,2314,2,10,0.6
539,2003,0.5,0.5,2277,2,11,1.2
540,2002,0.45,0.45,1993,2,9,0
540,2003,0.5,0.5,2272,2,9,0
541,2002,0.45,0.45,2181,6,12,1.81
541,2003,0.5,0.5,2414,6,10,0.6
542,2002,0.45,0.45,2200,7,11,1.2
542,2003,0.5,0.5,2426,7,12,1.81
543,2002,0.45,0.45,2235,8,7,-1.2
543,2003,0.5,0.5,2446,8,9,0
544,2004,0.56,0.56,2711,6,10,0.6
545,2005,2.05,2.05,3177,19,6,-1.81
545,2006,1.39,1.39,3627,19,8,-0.6
546,2002,0.45,0.45,2146,4,8,-0.6
547,2002,0.45,0.45,2175,5,8,-0.6
548,2002,0.45,0.45,2159,5,8,-0.6
549,2002,0.45,0.45,2079,3,8,-0.6
550,2002,0.45,0.45,1950,2,10,0.6
550,2003,0.5,0.5,2245,2,8,-0.6
551,2002,0.45,0.45,2007,2,9,0
552,2003,0.5,0.5,2355,3,7,-1.2
553,2002,0.45,0.45,2119,4,7,-1.2
554,2002,0.45,0.45,1985,2,11,1.2
555,2002,0.45,0.45,1959,1,12,1.81
556,2003,0.5,0.5,2343,2,10,0.6
557,2003,0.5,0.5,2352,3,7,-1.2
558,2002,0.45,0.45,2023,2,10,0.6
559,2003,0.5,0.5,2373,4,9,0
560,2002,0.45,0.45,2073,2,8,-0.6
561,2003,0.5,0.5,2381,4,7,-1.2
561,2004,0.56,0.56,2662,4,8,-0.6
562,2003,0.5,0.5,2455,5,8,-0.6
562,2004,0.56,0.56,2701,5,7,-1.2
562,2005,2.05,2.05,3149,19,7,-1.2
563,2004,0.56,0.56,2708,6,9,0
564,2003,0.5,0.5,2255,6,9,0
565,2003,0.5,0.5,2350,3,9,0
566,2005,2.05,2.05,3307,22,7,-1.2
567,2003,0.5,0.5,2399,4,11,1.2
568,2003,0.5,0.5,2422,7,9,0
569,2004,0.56,0.56,2671,4,9,0
570,2003,0.5,0.5,2420,7,8,-0.6
571,2003,0.5,0.5,2259,2,10,0.6
571,2004,0.56,0.56,2519,2,10,0.6
572,2004,0.56,0.56,2598,2,10,0.6
573,2003,0.5,0.5,2439,7,7,-1.2
573,2004,0.56,0.56,2735,7,9,0
574,2003,0.5,0.5,2440,7,9,0
575,2003,0.5,0.5,2450,7,10,0.6
575,2004,0.56,0.56,2726,7,10,0.6
576,2003,0.5,0.5,2303,2,8,-0.6
576,2004,0.56,0.56,2572,2,10,0.6
577,2003,0.5,0.5,2390,4,6,-1.81
578,2003,0.5,0.5,2353,3,9,0
579,2003,0.5,0.5,2284,2,10,0.6
579,2004,0.56,0.56,2549,2,9,0
580,2003,0.5,0.5,2249,1,9,0
581,2003,0.5,0.5,2267,2,10,0.6
582,2004,0.56,0.56,2547,2,10,0.6
583,2004,0.56,0.56,2542,2,11,1.2
584,2004,0.56,0.56,2592,2,8,-0.6
585,2003,0.5,0.5,2324,2,12,1.81
586,2003,0.5,0.5,2464,2,10,0.6
587,2004,0.56,0.56,2505,1,5,-2.41
588,2004,0.56,0.56,2569,2,10,0.6
589,2003,0.5,0.5,2397,4,11,1.2
589,2004,0.56,0.56,2692,5,9,0
589,2005,2.05,2.05,3158,19,11,1.2
589,2006,1.39,1.39,3621,19,11,1.2
590,2004,0.56,0.56,2536,2,12,1.81
591,2005,2.05,2.05,3043,16,7,-1.2
591,2006,1.39,1.39,3514,16,10,0.6
591,2007,2.16,2.16,3970,16,8,-0.6
591,2008,1.81,1.81,,16,,
592,2004,0.56,0.56,2652,4,10,0.6
592,2005,2.05,2.05,3316,22,9,0
593,2004,0.56,0.56,2746,7,11,1.2
594,2005,2.05,2.05,3279,22,6,-1.81
594,2006,1.39,1.39,3726,22,10,0.6
594,2007,2.16,2.16,4234,22,7,-1.2
595,2003,0.5,0.5,2325,2,6,-1.81
596,2005,2.05,2.05,3267,21,7,-1.2
597,2003,0.5,0.5,2393,4,8,-0.6
597,2004,0.56,0.56,2678,4,6,-1.81
597,2005,2.05,2.05,3281,22,12,1.81
597,2006,1.39,1.39,3737,22,9,0
597,2007,2.16,2.16,4098,19,9,0
597,2008,1.81,1.81,4513,18,6,-1.81
598,2005,2.05,2.05,3320,22,9,0
599,2003,0.5,0.5,2251,2,9,0
600,2003,0.5,0.5,2309,2,8,-0.6
601,2003,0.5,0.5,2459,4,8,-0.6
601,2004,0.56,0.56,2688,4,9,0
602,2003,0.5,0.5,2445,8,11,1.2
602,2004,0.56,0.56,2751,8,12,1.81
603,2003,0.5,0.5,2427,7,11,1.2
604,2005,2.05,2.05,3096,17,9,0
604,2006,1.39,1.39,,17,,
605,2003,0.5,0.5,2392,4,12,1.81
606,2003,0.5,0.5,2294,2,5,-2.41
1795,2003,0.5,0.5,2363,4,7,-1.2
607,2004,0.56,0.56,2612,2,10,0.6
608,2004,0.56,0.56,2589,2,6,-1.81
609,2004,0.56,0.56,2683,4,9,0
610,2003,0.5,0.5,2361,4,9,0
611,2004,0.56,0.56,2520,2,9,0
612,2004,0.56,0.56,2605,2,9,0
613,2004,0.56,0.56,2648,4,8,-0.6
613,2005,2.05,2.05,3319,22,8,-0.6
614,2003,0.5,0.5,2417,7,7,-1.2
614,2004,0.56,0.56,2714,7,9,0
615,2003,0.5,0.5,2338,2,8,-0.6
616,2003,0.5,0.5,2252,2,6,-1.81
617,2003,0.5,0.5,2265,2,8,-0.6
618,2003,0.5,0.5,2379,4,6,-1.81
619,2003,0.5,0.5,2359,4,14,3.01
620,2003,0.5,0.5,2347,3,10,0.6
621,2003,0.5,0.5,2257,2,10,0.6
622,2003,0.5,0.5,2279,2,6,-1.81
623,2003,0.5,0.5,2302,2,6,-1.81
623,2004,0.56,0.56,2567,2,9,0
624,2005,2.05,2.05,3100,17,8,-0.6
625,2003,0.5,0.5,2411,6,10,0.6
626,2003,0.5,0.5,2364,4,6,-1.81
627,2003,0.5,0.5,2460,1,12,1.81
627,2004,0.56,0.56,2511,2,9,0
628,2003,0.5,0.5,2441,7,8,-0.6
629,2003,0.5,0.5,2307,2,11,1.2
630,2003,0.5,0.5,2403,5,8,-0.6
631,2004,0.56,0.56,2690,5,9,0
632,2003,0.5,0.5,2316,2,6,-1.81
633,2003,0.5,0.5,2315,2,10,0.6
634,2003,0.5,0.5,2323,2,9,0
635,2003,0.5,0.5,2282,2,10,0.6
636,2003,0.5,0.5,2368,4,4,-3.01
636,2004,0.56,0.56,2633,4,9,0
637,2003,0.5,0.5,2362,4,10,0.6
638,2004,0.56,0.56,2619,3,8,-0.6
639,2003,0.5,0.5,2383,4,9,0
639,2004,0.56,0.56,2673,4,7,-1.2
640,2004,0.56,0.56,2742,7,9,0
641,2004,0.56,0.56,2534,2,9,0
642,2004,0.56,0.56,2664,4,10,0.6
643,2004,0.56,0.56,2508,1,12,1.81
644,2004,0.56,0.56,2604,2,9,0
644,2005,2.05,2.05,3081,17,9,0
644,2006,1.39,1.39,3551,17,9,0
645,2004,0.56,0.56,2545,2,8,-0.6
646,2004,0.56,0.56,2805,12,8,-0.6
646,2005,2.05,2.05,2900,12,8,-0.6
646,2006,1.39,1.39,3422,12,10,0.6
647,2004,0.56,0.56,2538,2,10,0.6
648,2004,0.56,0.56,2852,14,11,1.2
649,2005,2.05,2.05,3053,16,9,0
650,2004,0.56,0.56,2789,12,9,0
651,2004,0.56,0.56,2602,2,9,0
652,2004,0.56,0.56,2834,13,11,1.2
652,2005,2.05,2.05,2889,13,10,0.6
652,2006,1.39,1.39,3462,14,12,1.81
653,2004,0.56,0.56,2523,2,10,0.6
653,2005,2.05,2.05,3040,16,9,0
653,2006,1.39,1.39,3524,16,10,0.6
653,2007,2.16,2.16,3968,16,8,-0.6
653,2008,1.81,1.81,4429,16,8,-0.6
654,2004,0.56,0.56,2709,6,8,-0.6
655,2004,0.56,0.56,2753,8,9,0
656,2007,2.16,2.16,,17,,
657,2004,0.56,0.56,2821,13,9,0
657,2005,2.05,2.05,2880,13,10,0.6
658,2004,0.56,0.56,2498,2,11,1.2
659,2004,0.56,0.56,2591,2,8,-0.6
659,2005,2.05,2.05,3104,17,8,-0.6
660,2004,0.56,0.56,2818,13,10,0.6
660,2005,2.05,2.05,2918,13,9,0
660,2006,1.39,1.39,3450,13,11,1.2
660,2007,2.16,2.16,3857,13,9,0
661,2004,0.56,0.56,2625,3,12,1.81
662,2004,0.56,0.56,2843,14,9,0
663,2004,0.56,0.56,2770,11,10,0.6
663,2005,2.05,2.05,2954,11,10,0.6
663,2006,1.39,1.39,3391,11,10,0.6
663,2007,2.16,2.16,3796,11,10,0.6
663,2008,1.81,1.81,,11,,
664,2004,0.56,0.56,2781,12,9,0
665,2007,2.16,2.16,4236,22,5,-2.41
665,2008,1.81,1.81,4668,22,4,-3.01
666,2005,2.05,2.05,3107,17,10,0.6
666,2006,1.39,1.39,,17,,
667,2004,0.56,0.56,2581,2,9,0
667,2007,2.16,2.16,,17,,
668,2004,0.56,0.56,2627,3,8,-0.6
669,2004,0.56,0.56,2774,11,9,0
669,2005,2.05,2.05,2927,11,9,0
670,2004,0.56,0.56,2764,11,10,0.6
670,2005,2.05,2.05,2942,11,9,0
670,2006,1.39,1.39,3382,11,11,1.2
671,2004,0.56,0.56,2766,11,8,-0.6
671,2005,2.05,2.05,2943,11,8,-0.6
672,2004,0.56,0.56,2780,12,11,1.2
672,2005,2.05,2.05,2962,12,10,0.6
673,2004,0.56,0.56,2778,12,11,1.2
674,2004,0.56,0.56,2785,12,11,1.2
674,2005,2.05,2.05,2885,13,10,0.6
674,2006,1.39,1.39,,13,,
675,2004,0.56,0.56,2788,12,7,-1.2
676,2004,0.56,0.56,2860,14,12,1.81
677,2004,0.56,0.56,2855,14,9,0
677,2005,2.05,2.05,3021,15,8,-0.6
678,2004,0.56,0.56,2859,14,11,1.2
679,2004,0.56,0.56,2831,13,9,0
679,2005,2.05,2.05,2883,13,9,0
680,2004,0.56,0.56,2827,13,12,1.81
680,2005,2.05,2.05,2921,13,9,0
681,2004,0.56,0.56,2614,3,8,-0.6
682,2005,2.05,2.05,3317,22,8,-0.6
682,2006,1.39,1.39,3765,22,9,0
682,2007,2.16,2.16,4273,22,8,-0.6
683,2004,0.56,0.56,2682,4,8,-0.6
684,2004,0.56,0.56,2522,2,11,1.2
685,2004,0.56,0.56,2741,7,8,-0.6
686,2004,0.56,0.56,2730,7,9,0
687,2004,0.56,0.56,2728,7,9,0
688,2004,0.56,0.56,2759,11,10,0.6
688,2005,2.05,2.05,2934,11,10,0.6
689,2004,0.56,0.56,2763,11,10,0.6
690,2004,0.56,0.56,2757,11,10,0.6
691,2004,0.56,0.56,2760,11,11,1.2
692,2004,0.56,0.56,2768,11,8,-0.6
692,2005,2.05,2.05,2946,11,7,-1.2
693,2004,0.56,0.56,2794,12,10,0.6
694,2004,0.56,0.56,2795,12,11,1.2
695,2004,0.56,0.56,2800,12,8,-0.6
696,2004,0.56,0.56,2797,12,11,1.2
697,2004,0.56,0.56,2850,14,11,1.2
697,2005,2.05,2.05,2998,14,10,0.6
698,2004,0.56,0.56,2810,13,10,0.6
699,2004,0.56,0.56,2811,13,9,0
700,2004,0.56,0.56,2825,13,11,1.2
701,2004,0.56,0.56,2858,14,9,0
702,2004,0.56,0.56,2790,12,8,-0.6
702,2005,2.05,2.05,2897,12,9,0
703,2004,0.56,0.56,2660,4,7,-1.2
704,2004,0.56,0.56,2695,5,8,-0.6
705,2004,0.56,0.56,2685,4,10,0.6
706,2004,0.56,0.56,2577,2,9,0
706,2005,2.05,2.05,3105,17,7,-1.2
706,2006,1.39,1.39,3576,17,9,0
706,2007,2.16,2.16,3988,16,5,-2.41
706,2008,1.81,1.81,4432,16,7,-1.2
707,2004,0.56,0.56,2656,4,7,-1.2
708,2004,0.56,0.56,2585,2,9,0
708,2005,2.05,2.05,3111,17,8,-0.6
708,2006,1.39,1.39,3579,17,9,0
709,2004,0.56,0.56,2558,2,10,0.6
710,2004,0.56,0.56,2574,2,9,0
710,2005,2.05,2.05,3103,17,8,-0.6
710,2006,1.39,1.39,3569,17,9,0
711,2004,0.56,0.56,2502,2,11,1.2
712,2004,0.56,0.56,2710,6,8,-0.6
713,2004,0.56,0.56,2863,14,10,0.6
713,2005,2.05,2.05,2990,14,9,0
714,2004,0.56,0.56,2806,12,11,1.2
715,2004,0.56,0.56,2804,12,9,0
716,2004,0.56,0.56,2697,5,8,-0.6
716,2005,2.05,2.05,3136,18,9,0
717,2004,0.56,0.56,2752,8,9,0
718,2004,0.56,0.56,2503,4,7,-1.2
718,2005,2.05,2.05,3287,22,10,0.6
719,2004,0.56,0.56,2715,7,10,0.6
720,2004,0.56,0.56,2749,8,10,0.6
721,2004,0.56,0.56,2630,3,9,0
722,2004,0.56,0.56,2504,1,8,-0.6
723,2004,0.56,0.56,2754,11,10,0.6
723,2005,2.05,2.05,2939,11,9,0
724,2004,0.56,0.56,2837,14,10,0.6
725,2004,0.56,0.56,2548,2,10,0.6
726,2004,0.56,0.56,2769,11,9,0
727,2004,0.56,0.56,2822,13,9,0
728,2004,0.56,0.56,2629,3,10,0.6
729,2004,0.56,0.56,2756,11,10,0.6
730,2004,0.56,0.56,2847,14,10,0.6
731,2004,0.56,0.56,2599,2,10,0.6
732,2005,2.05,2.05,3010,15,8,-0.6
732,2006,1.39,1.39,,15,,
733,2004,0.56,0.56,2611,2,8,-0.6
734,2004,0.56,0.56,2561,2,7,-1.2
735,2004,0.56,0.56,2500,2,8,-0.6
736,2004,0.56,0.56,2593,2,10,0.6
737,2005,2.05,2.05,3031,15,10,0.6
737,2006,1.39,1.39,3493,15,12,1.81
737,2007,2.16,2.16,3949,15,9,0
738,2004,0.56,0.56,2846,14,7,-1.2
738,2005,2.05,2.05,3022,15,9,0
739,2005,2.05,2.05,2956,11,9,0
740,2004,0.56,0.56,2817,13,11,1.2
741,2005,2.05,2.05,3140,18,8,-0.6
742,2005,2.05,2.05,3060,16,9,0
742,2006,1.39,1.39,3528,16,11,1.2
743,2006,1.39,1.39,3548,17,11,1.2
744,2005,2.05,2.05,2957,11,7,-1.2
745,2005,2.05,2.05,2960,12,9,0
746,2005,2.05,2.05,3015,15,9,0
747,2005,2.05,2.05,3030,15,8,-0.6
748,2005,2.05,2.05,2975,14,8,-0.6
748,2006,1.39,1.39,3468,14,10,0.6
748,2007,2.16,2.16,3953,15,9,0
749,2005,2.05,2.05,3219,20,8,-0.6
750,2005,2.05,2.05,2914,13,9,0
750,2006,1.39,1.39,,13,,
751,2005,2.05,2.05,2959,12,8,-0.6
752,2006,1.39,1.39,,16,,
753,2005,2.05,2.05,2924,11,8,-0.6
754,2005,2.05,2.05,3051,16,9,0
755,2005,2.05,2.05,2887,13,9,0
756,2005,2.05,2.05,2985,14,10,0.6
756,2006,1.39,1.39,3474,14,11,1.2
756,2007,2.16,2.16,,14,,
757,2005,2.05,2.05,3196,19,8,-0.6
758,2005,2.05,2.05,3225,20,10,0.6
759,2007,2.16,2.16,4042,17,5,-2.41
760,2005,2.05,2.05,3257,21,9,0
760,2006,1.39,1.39,3713,21,10,0.6
760,2007,2.16,2.16,4205,21,9,0
760,2008,1.81,1.81,4653,21,8,-0.6
761,2005,2.05,2.05,2879,13,8,-0.6
761,2006,1.39,1.39,,13,,
762,2005,2.05,2.05,3020,15,7,-1.2
763,2005,2.05,2.05,2973,14,8,-0.6
763,2006,1.39,1.39,,14,,
764,2007,2.16,2.16,,17,,
765,2005,2.05,2.05,3310,22,9,0
766,2006,1.39,1.39,3383,11,6,-1.81
767,2005,2.05,2.05,3141,18,5,-2.41
767,2006,1.39,1.39,,16,,
768,2005,2.05,2.05,3301,22,5,-2.41
768,2006,1.39,1.39,3748,22,8,-0.6
768,2007,2.16,2.16,4258,22,7,-1.2
769,2005,2.05,2.05,3305,22,8,-0.6
770,2006,1.39,1.39,,17,,
771,2005,2.05,2.05,3295,22,8,-0.6
772,2005,2.05,2.05,2905,12,8,-0.6
772,2006,1.39,1.39,3397,11,9,0
772,2007,2.16,2.16,,13,,
773,2005,2.05,2.05,3276,21,9,0
773,2006,1.39,1.39,,21,,
774,2005,2.05,2.05,2994,14,10,0.6
774,2006,1.39,1.39,3476,14,11,1.2
775,2005,2.05,2.05,2932,11,10,0.6
776,2005,2.05,2.05,2952,11,9,0
776,2006,1.39,1.39,3387,11,11,1.2
776,2007,2.16,2.16,3799,11,10,0.6
776,2008,1.81,1.81,,11,,
777,2005,2.05,2.05,2922,13,9,0
777,2006,1.39,1.39,3427,13,10,0.6
777,2007,2.16,2.16,3860,13,6,-1.81
777,2008,1.81,1.81,4361,13,10,0.6
777,2009,1.27,1.27,4787,13,8,-0.6
778,2005,2.05,2.05,2948,11,9,0
779,2005,2.05,2.05,3014,15,11,1.2
779,2006,1.39,1.39,3485,15,11,1.2
779,2007,2.16,2.16,3932,15,10,0.6
780,2005,2.05,2.05,2953,11,8,-0.6
781,2005,2.05,2.05,2878,13,9,0
781,2006,1.39,1.39,3614,18,10,0.6
782,2005,2.05,2.05,2968,12,9,0
783,2005,2.05,2.05,2925,11,6,-1.81
784,2005,2.05,2.05,3065,16,7,-1.2
785,2005,2.05,2.05,3069,16,9,0
785,2006,1.39,1.39,3539,16,9,0
785,2007,2.16,2.16,,16,,
786,2005,2.05,2.05,3244,21,9,0
787,2005,2.05,2.05,2964,12,9,0
788,2005,2.05,2.05,3182,19,10,0.6
789,2005,2.05,2.05,3201,19,10,0.6
789,2006,1.39,1.39,3651,19,10,0.6
789,2007,2.16,2.16,4134,19,8,-0.6
789,2008,1.81,1.81,4557,19,8,-0.6
789,2009,1.27,1.27,4955,19,10,0.6
790,2005,2.05,2.05,3253,21,8,-0.6
791,2005,2.05,2.05,3143,18,9,0
792,2005,2.05,2.05,3294,22,8,-0.6
792,2006,1.39,1.39,3740,22,10,0.6
792,2007,2.16,2.16,4262,22,7,-1.2
793,2005,2.05,2.05,3260,21,9,0
794,2005,2.05,2.05,3261,21,8,-0.6
794,2006,1.39,1.39,3709,21,11,1.2
794,2007,2.16,2.16,4211,21,7,-1.2
794,2008,1.81,1.81,4641,21,8,-0.6
795,2005,2.05,2.05,3057,16,8,-0.6
795,2006,1.39,1.39,3523,16,12,1.81
795,2007,2.16,2.16,3983,16,7,-1.2
796,2005,2.05,2.05,3119,18,8,-0.6
797,2005,2.05,2.05,2955,11,8,-0.6
798,2005,2.05,2.05,3109,17,7,-1.2
799,2005,2.05,2.05,3116,18,10,0.6
800,2005,2.05,2.05,2969,12,8,-0.6
801,2005,2.05,2.05,3133,18,7,-1.2
801,2006,1.39,1.39,,18,,
802,2005,2.05,2.05,2892,12,5,-2.41
802,2006,1.39,1.39,,12,,
803,2005,2.05,2.05,2903,12,10,0.6
804,2005,2.05,2.05,3041,16,10,0.6
805,2005,2.05,2.05,2935,11,8,-0.6
805,2006,1.39,1.39,3369,11,10,0.6
806,2005,2.05,2.05,3223,20,8,-0.6
807,2005,2.05,2.05,3135,18,12,1.81
808,2006,1.39,1.39,3384,11,11,1.2
809,2005,2.05,2.05,3064,16,10,0.6
810,2005,2.05,2.05,2972,14,10,0.6
810,2006,1.39,1.39,3459,14,12,1.81
810,2007,2.16,2.16,3892,14,10,0.6
811,2005,2.05,2.05,2999,14,9,0
811,2006,1.39,1.39,3478,14,11,1.2
811,2007,2.16,2.16,,14,,
812,2005,2.05,2.05,3045,16,9,0
813,2005,2.05,2.05,3212,20,9,0
814,2005,2.05,2.05,2896,12,6,-1.81
815,2005,2.05,2.05,2984,14,6,-1.81
815,2006,1.39,1.39,3457,14,8,-0.6
815,2007,2.16,2.16,3885,14,7,-1.2
815,2008,1.81,1.81,4371,14,9,0
816,2005,2.05,2.05,3291,22,9,0
816,2006,1.39,1.39,3730,22,9,0
817,2005,2.05,2.05,2871,12,9,0
817,2006,1.39,1.39,3666,20,11,1.2
817,2007,2.16,2.16,4148,20,9,0
818,2005,2.05,2.05,2981,14,9,0
819,2005,2.05,2.05,3254,21,12,1.81
819,2006,1.39,1.39,3696,21,11,1.2
819,2007,2.16,2.16,4203,21,10,0.6
819,2008,1.81,1.81,4636,21,10,0.6
819,2009,1.27,1.27,5019,21,11,1.2
819,2010,1.76,1.76,,21,,
820,2005,2.05,2.05,3087,17,6,-1.81
820,2006,1.39,1.39,3550,17,11,1.2
821,2005,2.05,2.05,3032,15,11,1.2
821,2006,1.39,1.39,,15,,
822,2005,2.05,2.05,3266,21,10,0.6
823,2005,2.05,2.05,3118,18,6,-1.81
824,2005,2.05,2.05,3130,18,7,-1.2
825,2005,2.05,2.05,3056,16,9,0
826,2005,2.05,2.05,3129,18,9,0
827,2005,2.05,2.05,3115,18,7,-1.2
828,2005,2.05,2.05,3195,19,8,-0.6
829,2005,2.05,2.05,3121,18,9,0
830,2005,2.05,2.05,3227,20,9,0
830,2006,1.39,1.39,3675,20,10,0.6
830,2007,2.16,2.16,4171,20,8,-0.6
830,2008,1.81,1.81,,20,,
831,2005,2.05,2.05,3207,20,9,0
831,2006,1.39,1.39,,20,,
832,2005,2.05,2.05,3258,21,7,-1.2
833,2005,2.05,2.05,3059,16,8,-0.6
834,2005,2.05,2.05,3134,18,8,-0.6
834,2006,1.39,1.39,3601,18,9,0
835,2005,2.05,2.05,2958,12,9,0
835,2006,1.39,1.39,,12,,
836,2005,2.05,2.05,3194,19,7,-1.2
836,2006,1.39,1.39,3653,19,9,0
836,2007,2.16,2.16,4124,19,7,-1.2
836,2008,1.81,1.81,,19,,
837,2005,2.05,2.05,3188,19,11,1.2
838,2005,2.05,2.05,3186,19,9,0
839,2005,2.05,2.05,3210,20,9,0
840,2005,2.05,2.05,2872,13,9,0
841,2005,2.05,2.05,2898,12,9,0
842,2005,2.05,2.05,3282,22,8,-0.6
842,2006,1.39,1.39,3739,22,9,0
842,2007,2.16,2.16,4250,22,7,-1.2
843,2005,2.05,2.05,3263,21,7,-1.2
844,2005,2.05,2.05,3271,21,9,0
845,2006,1.39,1.39,3707,21,7,-1.2
846,2005,2.05,2.05,3076,17,8,-0.6
846,2006,1.39,1.39,3556,17,9,0
846,2007,2.16,2.16,4013,17,8,-0.6
846,2008,1.81,1.81,4480,17,9,0
847,2005,2.05,2.05,3047,16,9,0
848,2005,2.05,2.05,3048,16,10,0.6
849,2005,2.05,2.05,3117,18,8,-0.6
849,2006,1.39,1.39,3590,18,11,1.2
849,2007,2.16,2.16,4052,18,8,-0.6
849,2008,1.81,1.81,,18,,
850,2005,2.05,2.05,3238,21,9,0
850,2006,1.39,1.39,3687,21,12,1.81
851,2005,2.05,2.05,3161,19,10,0.6
852,2005,2.05,2.05,3256,21,8,-0.6
852,2006,1.39,1.39,3706,21,10,0.6
852,2007,2.16,2.16,4193,21,8,-0.6
852,2008,1.81,1.81,4629,21,9,0
853,2005,2.05,2.05,3176,19,9,0
854,2005,2.05,2.05,3106,17,9,0
855,2005,2.05,2.05,3199,19,9,0
855,2006,1.39,1.39,3644,19,10,0.6
856,2005,2.05,2.05,2983,14,9,0
857,2005,2.05,2.05,3245,21,11,1.2
858,2005,2.05,2.05,2991,14,6,-1.81
859,2005,2.05,2.05,3035,15,9,0
860,2005,2.05,2.05,3037,15,9,0
861,2005,2.05,2.05,2987,14,10,0.6
862,2005,2.05,2.05,3028,15,11,1.2
863,2005,2.05,2.05,3013,15,11,1.2
863,2006,1.39,1.39,,15,,
864,2005,2.05,2.05,3008,15,12,1.81
865,2005,2.05,2.05,3034,15,9,0
866,2005,2.05,2.05,3036,15,5,-2.41
867,2005,2.05,2.05,2899,12,6,-1.81
868,2005,2.05,2.05,2874,13,10,0.6
868,2006,1.39,1.39,3444,13,12,1.81
869,2005,2.05,2.05,2971,13,8,-0.6
869,2006,1.39,1.39,3453,13,10,0.6
870,2005,2.05,2.05,2891,13,9,0
871,2005,2.05,2.05,2869,12,10,0.6
872,2005,2.05,2.05,3269,21,9,0
872,2006,1.39,1.39,,21,,
873,2005,2.05,2.05,3122,18,10,0.6
874,2005,2.05,2.05,2911,13,7,-1.2
874,2006,1.39,1.39,3433,13,11,1.2
875,2005,2.05,2.05,3005,14,8,-0.6
876,2005,2.05,2.05,2949,11,7,-1.2
877,2005,2.05,2.05,3024,15,11,1.2
878,2005,2.05,2.05,3073,16,8,-0.6
878,2006,1.39,1.39,3531,16,11,1.2
879,2005,2.05,2.05,3019,15,10,0.6
879,2006,1.39,1.39,3505,15,10,0.6
880,2005,2.05,2.05,3018,15,10,0.6
881,2005,2.05,2.05,2982,14,8,-0.6
882,2005,2.05,2.05,3239,21,9,0
883,2005,2.05,2.05,2894,12,7,-1.2
884,2005,2.05,2.05,3144,18,8,-0.6
885,2005,2.05,2.05,3226,20,6,-1.81
886,2005,2.05,2.05,2928,11,10,0.6
887,2005,2.05,2.05,2906,12,5,-2.41
887,2006,1.39,1.39,,12,,
888,2005,2.05,2.05,3247,21,10,0.6
889,2005,2.05,2.05,3156,19,9,0
890,2005,2.05,2.05,3217,20,9,0
891,2005,2.05,2.05,3151,19,9,0
892,2005,2.05,2.05,3160,19,7,-1.2
893,2005,2.05,2.05,3250,21,8,-0.6
894,2005,2.05,2.05,3259,21,9,0
894,2006,1.39,1.39,3704,21,8,-0.6
894,2007,2.16,2.16,4216,21,7,-1.2
894,2008,1.81,1.81,,21,,
895,2005,2.05,2.05,3084,17,9,0
896,2005,2.05,2.05,3089,17,7,-1.2
896,2006,1.39,1.39,3553,17,8,-0.6
896,2007,2.16,2.16,4006,17,7,-1.2
897,2005,2.05,2.05,3093,17,7,-1.2
897,2006,1.39,1.39,,17,,
898,2005,2.05,2.05,3112,17,8,-0.6
899,2005,2.05,2.05,3063,16,10,0.6
900,2005,2.05,2.05,3038,16,8,-0.6
901,2005,2.05,2.05,3098,17,10,0.6
902,2005,2.05,2.05,3169,19,8,-0.6
903,2005,2.05,2.05,3174,19,8,-0.6
903,2006,1.39,1.39,3632,19,10,0.6
903,2007,2.16,2.16,4116,19,7,-1.2
903,2008,1.81,1.81,4555,19,8,-0.6
903,2009,1.27,1.27,,19,,
904,2005,2.05,2.05,3154,19,11,1.2
904,2006,1.39,1.39,3619,19,11,1.2
904,2007,2.16,2.16,4097,19,10,0.6
904,2008,1.81,1.81,4550,19,10,0.6
905,2005,2.05,2.05,3214,20,7,-1.2
905,2006,1.39,1.39,,20,,
906,2005,2.05,2.05,3218,20,8,-0.6
906,2006,1.39,1.39,,20,,
907,2005,2.05,2.05,3127,18,9,0
907,2006,1.39,1.39,3595,18,10,0.6
907,2007,2.16,2.16,4058,18,9,0
908,2005,2.05,2.05,2996,14,13,2.41
908,2006,1.39,1.39,,14,,
909,2005,2.05,2.05,3278,22,7,-1.2
910,2005,2.05,2.05,3280,22,10,0.6
911,2005,2.05,2.05,3315,22,9,0
911,2006,1.39,1.39,3760,22,10,0.6
912,2005,2.05,2.05,3039,16,10,0.6
912,2006,1.39,1.39,,16,,
913,2005,2.05,2.05,3088,17,9,0
914,2005,2.05,2.05,2997,14,8,-0.6
915,2006,1.39,1.39,3738,22,10,0.6
916,2005,2.05,2.05,2978,14,13,2.41
916,2006,1.39,1.39,3472,14,12,1.81
917,2005,2.05,2.05,3286,22,7,-1.2
918,2005,2.05,2.05,2907,12,6,-1.81
919,2005,2.05,2.05,2936,11,8,-0.6
919,2006,1.39,1.39,,11,,
920,2005,2.05,2.05,3120,18,9,0
921,2005,2.05,2.05,3208,20,8,-0.6
922,2005,2.05,2.05,3091,17,7,-1.2
923,2005,2.05,2.05,3237,21,7,-1.2
924,2005,2.05,2.05,3300,22,9,0
924,2006,1.39,1.39,3722,22,8,-0.6
925,2005,2.05,2.05,3277,22,8,-0.6
926,2005,2.05,2.05,3314,22,8,-0.6
926,2006,1.39,1.39,3759,22,9,0
927,2005,2.05,2.05,3303,22,7,-1.2
927,2006,1.39,1.39,3749,22,10,0.6
927,2007,2.16,2.16,4277,22,9,0
928,2005,2.05,2.05,3137,18,8,-0.6
928,2006,1.39,1.39,3608,18,9,0
928,2007,2.16,2.16,4073,18,8,-0.6
928,2008,1.81,1.81,4529,18,8,-0.6
928,2009,1.27,1.27,4924,18,6,-1.81
929,2005,2.05,2.05,3131,18,8,-0.6
930,2005,2.05,2.05,3289,22,4,-3.01
930,2006,1.39,1.39,3744,22,9,0
930,2007,2.16,2.16,4253,22,8,-0.6
931,2005,2.05,2.05,3213,20,10,0.6
931,2006,1.39,1.39,,20,,
932,2005,2.05,2.05,3066,16,11,1.2
933,2005,2.05,2.05,3054,16,8,-0.6
934,2005,2.05,2.05,2951,11,10,0.6
934,2006,1.39,1.39,3394,11,11,1.2
935,2005,2.05,2.05,3138,18,10,0.6
935,2006,1.39,1.39,,18,,
936,2005,2.05,2.05,3011,15,8,-0.6
937,2005,2.05,2.05,3228,20,10,0.6
939,2005,2.05,2.05,2912,13,9,0
940,2005,2.05,2.05,3058,16,7,-1.2
941,2005,2.05,2.05,3110,17,10,0.6
942,2005,2.05,2.05,3146,18,7,-1.2
943,2005,2.05,2.05,3209,20,10,0.6
944,2005,2.05,2.05,3205,19,12,1.81
945,2005,2.05,2.05,2976,14,9,0
946,2005,2.05,2.05,3313,22,9,0
947,2005,2.05,2.05,3306,22,8,-0.6
947,2006,1.39,1.39,3743,22,9,0
948,2005,2.05,2.05,3204,19,10,0.6
949,2005,2.05,2.05,3203,19,8,-0.6
950,2005,2.05,2.05,2947,11,8,-0.6
951,2005,2.05,2.05,3312,22,8,-0.6
951,2006,1.39,1.39,3756,22,8,-0.6
952,2005,2.05,2.05,3079,17,6,-1.81
952,2006,1.39,1.39,3543,17,9,0
953,2005,2.05,2.05,3099,17,9,0
953,2006,1.39,1.39,3567,17,11,1.2
954,2005,2.05,2.05,3297,22,8,-0.6
954,2006,1.39,1.39,3746,22,9,0
955,2006,1.39,1.39,,15,,
956,2006,1.39,1.39,3723,22,9,0
956,2007,2.16,2.16,4238,22,7,-1.2
956,2008,1.81,1.81,4662,22,9,0
956,2009,1.27,1.27,5038,22,8,-0.6
957,2006,1.39,1.39,3630,19,10,0.6
957,2007,2.16,2.16,4108,19,9,0
958,2006,1.39,1.39,3492,15,10,0.6
958,2007,2.16,2.16,3945,15,10,0.6
959,2006,1.39,1.39,3532,16,9,0
959,2007,2.16,2.16,3987,16,7,-1.2
960,2006,1.39,1.39,3445,13,11,1.2
960,2007,2.16,2.16,3879,13,10,0.6
961,2006,1.39,1.39,,14,,
962,2006,1.39,1.39,3615,18,10,0.6
963,2006,1.39,1.39,3480,14,9,0
963,2007,2.16,2.16,,14,,
964,2006,1.39,1.39,3745,22,9,0
964,2007,2.16,2.16,4243,22,9,0
964,2008,1.81,1.81,4678,22,10,0.6
965,2006,1.39,1.39,3481,14,10,0.6
966,2006,1.39,1.39,3375,11,8,-0.6
967,2006,1.39,1.39,3437,13,10,0.6
968,2006,1.39,1.39,3757,22,8,-0.6
969,2006,1.39,1.39,3561,17,9,0
970,2006,1.39,1.39,3592,18,11,1.2
970,2007,2.16,2.16,,18,,
971,2006,1.39,1.39,,17,,
972,2006,1.39,1.39,,13,,
973,2006,1.39,1.39,,17,,
974,2006,1.39,1.39,3568,17,10,0.6
974,2007,2.16,2.16,4030,17,9,0
974,2008,1.81,1.81,4490,17,9,0
974,2009,1.27,1.27,4887,17,10,0.6
975,2006,1.39,1.39,3610,18,9,0
975,2007,2.16,2.16,4089,18,8,-0.6
976,2007,2.16,2.16,3775,11,9,0
977,2006,1.39,1.39,3648,19,10,0.6
977,2007,2.16,2.16,,19,,
978,2006,1.39,1.39,,16,,
979,2006,1.39,1.39,,15,,
979,2007,2.16,2.16,,15,,
980,2006,1.39,1.39,3434,13,11,1.2
981,2006,1.39,1.39,3562,17,10,0.6
981,2007,2.16,2.16,4026,17,8,-0.6
982,2006,1.39,1.39,3764,22,8,-0.6
983,2006,1.39,1.39,,17,,
984,2006,1.39,1.39,3419,12,11,1.2
984,2007,2.16,2.16,3842,12,8,-0.6
984,2008,1.81,1.81,,12,,
985,2006,1.39,1.39,3499,15,9,0
986,2006,1.39,1.39,3414,12,10,0.6
987,2006,1.39,1.39,3657,20,8,-0.6
987,2007,2.16,2.16,4139,20,7,-1.2
988,2006,1.39,1.39,3683,20,10,0.6
988,2007,2.16,2.16,4175,20,9,0
989,2007,2.16,2.16,,17,,
990,2006,1.39,1.39,3521,16,9,0
990,2007,2.16,2.16,3981,16,9,0
990,2008,1.81,1.81,,16,,
991,2006,1.39,1.39,3581,17,9,0
991,2007,2.16,2.16,4043,17,7,-1.2
991,2008,1.81,1.81,4502,17,8,-0.6
991,2009,1.27,1.27,4900,17,7,-1.2
991,2010,1.76,1.76,5416,17,4,-3.01
992,2006,1.39,1.39,3465,14,10,0.6
992,2007,2.16,2.16,3898,14,7,-1.2
992,2008,1.81,1.81,4380,14,8,-0.6
992,2009,1.27,1.27,4806,14,9,0
992,2010,1.76,1.76,5244,14,10,0.6
992,2011,1.3,1.3,5803,14,9,0
993,2006,1.39,1.39,3535,16,10,0.6
993,2007,2.16,2.16,3998,16,9,0
994,2006,1.39,1.39,3662,20,8,-0.6
995,2006,1.39,1.39,,20,,
996,2006,1.39,1.39,3720,21,10,0.6
996,2007,2.16,2.16,4222,21,9,0
997,2006,1.39,1.39,,17,,
997,2007,2.16,2.16,,17,,
998,2006,1.39,1.39,3734,22,11,1.2
998,2007,2.16,2.16,4227,22,9,0
998,2008,1.81,1.81,4673,22,11,1.2
999,2006,1.39,1.39,3554,17,9,0
999,2007,2.16,2.16,4021,17,8,-0.6
999,2008,1.81,1.81,,17,,
1000,2006,1.39,1.39,,16,,
1001,2006,1.39,1.39,,15,,
1002,2006,1.39,1.39,3717,21,10,0.6
1003,2006,1.39,1.39,3512,16,9,0
1004,2006,1.39,1.39,3661,20,10,0.6
1004,2007,2.16,2.16,4145,20,7,-1.2
1004,2008,1.81,1.81,4592,20,8,-0.6
1005,2006,1.39,1.39,,13,,
1006,2006,1.39,1.39,,21,,
1007,2006,1.39,1.39,3573,17,10,0.6
1008,2006,1.39,1.39,3700,21,12,1.81
1009,2006,1.39,1.39,3379,11,9,0
1009,2007,2.16,2.16,,11,,
1010,2006,1.39,1.39,3597,18,10,0.6
1010,2007,2.16,2.16,4063,18,9,0
1011,2006,1.39,1.39,,20,,
1012,2006,1.39,1.39,,20,,
1013,2006,1.39,1.39,,17,,
1014,2006,1.39,1.39,,20,,
1015,2006,1.39,1.39,3443,13,10,0.6
1016,2006,1.39,1.39,3656,20,9,0
1016,2007,2.16,2.16,,20,,
1017,2006,1.39,1.39,3708,21,9,0
1017,2007,2.16,2.16,4200,21,8,-0.6
1017,2008,1.81,1.81,4642,21,9,0
1018,2006,1.39,1.39,3664,20,10,0.6
1018,2007,2.16,2.16,4155,20,9,0
1019,2006,1.39,1.39,,20,,
1020,2006,1.39,1.39,3754,22,9,0
1020,2007,2.16,2.16,4270,22,8,-0.6
1020,2008,1.81,1.81,,22,,
1021,2006,1.39,1.39,3695,21,8,-0.6
1022,2006,1.39,1.39,3600,18,8,-0.6
1022,2007,2.16,2.16,4062,18,7,-1.2
1023,2006,1.39,1.39,3672,20,11,1.2
1023,2007,2.16,2.16,,20,,
1024,2006,1.39,1.39,3519,16,10,0.6
1025,2006,1.39,1.39,3689,21,10,0.6
1025,2007,2.16,2.16,4186,21,11,1.2
1025,2008,1.81,1.81,,21,,
1026,2006,1.39,1.39,3418,12,9,0
1026,2007,2.16,2.16,3836,12,7,-1.2
1026,2008,1.81,1.81,4331,12,9,0
1026,2009,1.27,1.27,4765,12,8,-0.6
1026,2010,1.76,1.76,,12,,
1027,2006,1.39,1.39,3399,12,11,1.2
1027,2007,2.16,2.16,3812,12,10,0.6
1027,2008,1.81,1.81,4313,12,9,0
1028,2006,1.39,1.39,3421,12,11,1.2
1029,2006,1.39,1.39,3401,12,10,0.6
1029,2007,2.16,2.16,3809,12,10,0.6
1030,2006,1.39,1.39,3668,20,9,0
1031,2007,2.16,2.16,4092,18,10,0.6
1032,2006,1.39,1.39,3693,21,11,1.2
1033,2006,1.39,1.39,3650,19,9,0
1033,2007,2.16,2.16,4118,19,8,-0.6
1033,2008,1.81,1.81,,19,,
1034,2006,1.39,1.39,3410,12,11,1.2
1034,2007,2.16,2.16,3823,12,8,-0.6
1034,2008,1.81,1.81,,12,,
1035,2006,1.39,1.39,,13,,
1036,2006,1.39,1.39,3377,11,9,0
1036,2007,2.16,2.16,,11,,
1037,2006,1.39,1.39,,14,,
1038,2006,1.39,1.39,3711,21,8,-0.6
1039,2006,1.39,1.39,,19,,
1040,2006,1.39,1.39,,17,,
1041,2006,1.39,1.39,,20,,
1042,2006,1.39,1.39,3670,20,7,-1.2
1043,2006,1.39,1.39,3486,15,11,1.2
1043,2007,2.16,2.16,,15,,
1044,2006,1.39,1.39,,14,,
1045,2006,1.39,1.39,3602,18,10,0.6
1045,2007,2.16,2.16,4072,18,8,-0.6
1045,2008,1.81,1.81,,18,,
1046,2006,1.39,1.39,,17,,
1047,2006,1.39,1.39,3659,20,8,-0.6
1047,2007,2.16,2.16,4149,20,8,-0.6
1048,2006,1.39,1.39,3692,21,9,0
1048,2007,2.16,2.16,4185,21,8,-0.6
1049,2006,1.39,1.39,3511,16,9,0
1049,2007,2.16,2.16,3964,16,9,0
1050,2006,1.39,1.39,,12,,
1051,2006,1.39,1.39,3710,21,12,1.81
1052,2006,1.39,1.39,3613,18,11,1.2
1053,2006,1.39,1.39,3753,22,9,0
1053,2007,2.16,2.16,4261,22,6,-1.81
1053,2008,1.81,1.81,4690,22,9,0
1053,2009,1.27,1.27,5039,22,9,0
1053,2010,1.76,1.76,5636,22,8,-0.6
1054,2006,1.39,1.39,,22,,
1055,2006,1.39,1.39,3584,17,9,0
1056,2006,1.39,1.39,3684,20,10,0.6
1057,2006,1.39,1.39,,20,,
1058,2006,1.39,1.39,,20,,
1059,2006,1.39,1.39,,14,,
1060,2007,2.16,2.16,3999,16,6,-1.81
1061,2006,1.39,1.39,3559,17,9,0
1061,2007,2.16,2.16,4023,17,7,-1.2
1061,2008,1.81,1.81,4484,17,8,-0.6
1061,2009,1.27,1.27,,17,,
1062,2006,1.39,1.39,3688,21,9,0
1062,2007,2.16,2.16,4196,21,6,-1.81
1062,2008,1.81,1.81,4620,21,8,-0.6
1063,2006,1.39,1.39,3674,20,8,-0.6
1064,2006,1.39,1.39,3420,12,12,1.81
1064,2007,2.16,2.16,3845,12,10,0.6
1064,2008,1.81,1.81,4332,12,12,1.81
1065,2006,1.39,1.39,3719,21,11,1.2
1066,2006,1.39,1.39,3767,22,8,-0.6
1067,2006,1.39,1.39,3372,11,11,1.2
1068,2006,1.39,1.39,3365,11,10,0.6
1068,2007,2.16,2.16,3773,11,9,0
1068,2008,1.81,1.81,,11,,
1069,2006,1.39,1.39,3571,17,8,-0.6
1070,2006,1.39,1.39,3732,22,9,0
1071,2006,1.39,1.39,3741,22,8,-0.6
1072,2006,1.39,1.39,3536,16,9,0
1072,2007,2.16,2.16,3997,16,8,-0.6
1073,2006,1.39,1.39,3654,19,8,-0.6
1073,2007,2.16,2.16,4182,21,7,-1.2
1074,2006,1.39,1.39,3409,12,9,0
1074,2007,2.16,2.16,3824,12,8,-0.6
1075,2006,1.39,1.39,3547,17,10,0.6
1075,2007,2.16,2.16,4017,17,10,0.6
1075,2008,1.81,1.81,4481,17,10,0.6
1076,2006,1.39,1.39,3483,15,7,-1.2
1077,2006,1.39,1.39,3593,18,8,-0.6
1077,2007,2.16,2.16,4046,18,6,-1.81
1077,2008,1.81,1.81,4518,18,7,-1.2
1078,2006,1.39,1.39,3625,19,9,0
1079,2006,1.39,1.39,3515,16,8,-0.6
1079,2007,2.16,2.16,3965,16,8,-0.6
1080,2006,1.39,1.39,3454,13,11,1.2
1081,2006,1.39,1.39,3691,21,9,0
1081,2007,2.16,2.16,4198,21,7,-1.2
1081,2008,1.81,1.81,4618,21,9,0
1081,2009,1.27,1.27,4998,21,10,0.6
1082,2006,1.39,1.39,3404,12,12,1.81
1082,2007,2.16,2.16,,12,,
1083,2006,1.39,1.39,3501,15,10,0.6
1083,2007,2.16,2.16,,15,,
1084,2007,2.16,2.16,3793,11,11,1.2
1085,2007,2.16,2.16,4061,18,8,-0.6
1085,2008,1.81,1.81,,18,,
1086,2007,2.16,2.16,4190,21,7,-1.2
1086,2008,1.81,1.81,4619,21,9,0
1087,2007,2.16,2.16,,16,,
1088,2007,2.16,2.16,,14,,
1089,2007,2.16,2.16,,12,,
1090,2007,2.16,2.16,3790,11,9,0
1091,2007,2.16,2.16,4074,18,8,-0.6
1092,2008,1.81,1.81,4540,19,9,0
1093,2007,2.16,2.16,,20,,
1094,2007,2.16,2.16,4090,18,8,-0.6
1095,2007,2.16,2.16,,15,,
1096,2007,2.16,2.16,4082,18,7,-1.2
1097,2007,2.16,2.16,4113,19,8,-0.6
1098,2007,2.16,2.16,,17,,
1099,2007,2.16,2.16,3966,16,9,0
1100,2007,2.16,2.16,3801,11,6,-1.81
1101,2007,2.16,2.16,4162,20,8,-0.6
1101,2008,1.81,1.81,4599,20,9,0
1102,2007,2.16,2.16,4128,19,9,0
1103,2007,2.16,2.16,4083,18,8,-0.6
1103,2008,1.81,1.81,,18,,
1104,2007,2.16,2.16,3770,11,7,-1.2
1104,2008,1.81,1.81,4279,11,8,-0.6
1105,2007,2.16,2.16,,17,,
1106,2007,2.16,2.16,4212,21,9,0
1106,2008,1.81,1.81,4660,21,11,1.2
1107,2007,2.16,2.16,4247,22,7,-1.2
1107,2008,1.81,1.81,4661,22,5,-2.41
1108,2007,2.16,2.16,,21,,
1109,2007,2.16,2.16,4140,20,8,-0.6
1110,2007,2.16,2.16,4201,21,7,-1.2
1110,2008,1.81,1.81,4621,21,8,-0.6
1110,2009,1.27,1.27,,21,,
1111,2007,2.16,2.16,,12,,
1112,2007,2.16,2.16,,13,,
1113,2007,2.16,2.16,3889,14,9,0
1113,2008,1.81,1.81,4369,13,10,0.6
1114,2007,2.16,2.16,,15,,
1115,2007,2.16,2.16,3913,14,7,-1.2
1115,2008,1.81,1.81,4390,14,8,-0.6
1116,2007,2.16,2.16,,13,,
1117,2007,2.16,2.16,,12,,
1118,2007,2.16,2.16,3863,13,8,-0.6
1118,2008,1.81,1.81,,13,,
1119,2007,2.16,2.16,3822,12,5,-2.41
1120,2007,2.16,2.16,,12,,
1121,2007,2.16,2.16,,14,,
1122,2007,2.16,2.16,3925,14,7,-1.2
1123,2007,2.16,2.16,3826,12,10,0.6
1124,2007,2.16,2.16,,17,,
1125,2007,2.16,2.16,4019,17,9,0
1126,2007,2.16,2.16,,17,,
1127,2007,2.16,2.16,4248,22,8,-0.6
1127,2008,1.81,1.81,4666,22,10,0.6
1128,2007,2.16,2.16,4115,19,10,0.6
1129,2007,2.16,2.16,4194,21,7,-1.2
1130,2007,2.16,2.16,4191,21,9,0
1130,2008,1.81,1.81,4625,21,8,-0.6
1131,2007,2.16,2.16,4003,16,6,-1.81
1131,2008,1.81,1.81,4456,16,8,-0.6
1132,2007,2.16,2.16,,15,,
1133,2007,2.16,2.16,3986,16,9,0
1133,2008,1.81,1.81,4440,16,9,0
1134,2007,2.16,2.16,4223,21,9,0
1134,2008,1.81,1.81,4657,21,10,0.6
1135,2007,2.16,2.16,3875,13,8,-0.6
1136,2007,2.16,2.16,3907,14,9,0
1137,2008,1.81,1.81,4700,22,8,-0.6
1137,2009,1.27,1.27,5055,22,7,-1.2
1138,2007,2.16,2.16,,15,,
1139,2007,2.16,2.16,,12,,
1140,2007,2.16,2.16,3938,15,10,0.6
1140,2008,1.81,1.81,,15,,
1141,2007,2.16,2.16,4053,18,9,0
1141,2008,1.81,1.81,4509,18,10,0.6
1141,2009,1.27,1.27,4917,18,9,0
1141,2010,1.76,1.76,5420,18,9,0
1142,2007,2.16,2.16,,19,,
1143,2007,2.16,2.16,4229,22,9,0
1144,2007,2.16,2.16,4027,17,6,-1.81
1144,2008,1.81,1.81,4476,17,5,-2.41
1145,2007,2.16,2.16,4179,20,6,-1.81
1146,2008,1.81,1.81,4601,20,7,-1.2
1147,2007,2.16,2.16,4078,18,7,-1.2
1148,2007,2.16,2.16,4024,17,7,-1.2
1149,2007,2.16,2.16,4087,18,8,-0.6
1149,2008,1.81,1.81,4537,18,8,-0.6
1150,2007,2.16,2.16,4231,22,7,-1.2
1151,2007,2.16,2.16,4135,19,7,-1.2
1152,2007,2.16,2.16,3931,15,8,-0.6
1152,2008,1.81,1.81,,15,,
1153,2007,2.16,2.16,,17,,
1154,2007,2.16,2.16,4034,17,7,-1.2
1155,2007,2.16,2.16,,13,,
1156,2007,2.16,2.16,4010,17,9,0
1156,2008,1.81,1.81,4477,17,9,0
1156,2009,1.27,1.27,,17,,
1157,2007,2.16,2.16,3923,14,8,-0.6
1157,2008,1.81,1.81,4401,14,8,-0.6
1158,2007,2.16,2.16,3882,13,9,0
1158,2008,1.81,1.81,4366,13,7,-1.2
1159,2007,2.16,2.16,3969,16,10,0.6
1160,2007,2.16,2.16,4091,18,10,0.6
1161,2007,2.16,2.16,3859,13,10,0.6
1161,2008,1.81,1.81,4349,13,9,0
1162,2007,2.16,2.16,,15,,
1163,2007,2.16,2.16,3810,12,6,-1.81
1164,2007,2.16,2.16,,15,,
1165,2007,2.16,2.16,3910,14,7,-1.2
1165,2008,1.81,1.81,,14,,
1166,2007,2.16,2.16,3948,15,9,0
1166,2008,1.81,1.81,4424,15,9,0
1167,2007,2.16,2.16,3957,15,8,-0.6
1167,2008,1.81,1.81,4411,15,9,0
1167,2010,1.76,1.76,5282,15,6,-1.81
1168,2007,2.16,2.16,,15,,
1169,2007,2.16,2.16,,18,,
1170,2007,2.16,2.16,,14,,
1171,2007,2.16,2.16,,22,,
1172,2007,2.16,2.16,4123,19,9,0
1173,2007,2.16,2.16,4156,20,10,0.6
1173,2008,1.81,1.81,4603,20,12,1.81
1173,2009,1.27,1.27,4994,20,11,1.2
1174,2007,2.16,2.16,,17,,
1175,2007,2.16,2.16,4164,20,10,0.6
1176,2007,2.16,2.16,,17,,
1177,2007,2.16,2.16,3817,12,7,-1.2
1177,2008,1.81,1.81,4317,12,7,-1.2
1177,2009,1.27,1.27,4743,12,7,-1.2
1178,2007,2.16,2.16,4152,20,8,-0.6
1178,2008,1.81,1.81,4548,19,7,-1.2
1178,2009,1.27,1.27,4945,19,8,-0.6
1179,2007,2.16,2.16,4055,18,5,-2.41
1179,2008,1.81,1.81,,18,,
1180,2008,1.81,1.81,4506,18,7,-1.2
1180,2009,1.27,1.27,4909,18,9,0
1181,2007,2.16,2.16,,18,,
1182,2007,2.16,2.16,4265,22,8,-0.6
1182,2008,1.81,1.81,4695,22,8,-0.6
1183,2007,2.16,2.16,4120,19,6,-1.81
1183,2008,1.81,1.81,,19,,
1184,2007,2.16,2.16,4066,18,8,-0.6
1185,2007,2.16,2.16,4221,21,6,-1.81
1185,2008,1.81,1.81,4644,21,9,0
1186,2007,2.16,2.16,4183,21,9,0
1187,2007,2.16,2.16,,14,,
1188,2007,2.16,2.16,4125,19,9,0
1188,2008,1.81,1.81,,19,,
1189,2007,2.16,2.16,3807,11,12,1.81
1190,2007,2.16,2.16,3869,13,9,0
1190,2008,1.81,1.81,,13,,
1191,2007,2.16,2.16,3940,15,8,-0.6
1191,2008,1.81,1.81,4405,15,10,0.6
1192,2007,2.16,2.16,3831,12,8,-0.6
1193,2009,1.27,1.27,5020,21,8,-0.6
1193,2010,1.76,1.76,5610,21,7,-1.2
1194,2007,2.16,2.16,,14,,
1195,2007,2.16,2.16,3951,15,8,-0.6
1196,2007,2.16,2.16,,20,,
1197,2007,2.16,2.16,3840,12,8,-0.6
1197,2008,1.81,1.81,4336,12,10,0.6
1198,2007,2.16,2.16,3834,12,9,0
1198,2008,1.81,1.81,,12,,
1199,2007,2.16,2.16,4094,19,9,0
1199,2008,1.81,1.81,,19,,
1200,2007,2.16,2.16,,17,,
1201,2007,2.16,2.16,3919,14,8,-0.6
1201,2008,1.81,1.81,4396,14,8,-0.6
1201,2009,1.27,1.27,,14,,
1202,2007,2.16,2.16,3927,14,8,-0.6
1203,2007,2.16,2.16,4173,20,8,-0.6
1203,2008,1.81,1.81,4617,20,8,-0.6
1204,2007,2.16,2.16,,11,,
1205,2007,2.16,2.16,4000,16,10,0.6
1205,2008,1.81,1.81,,16,,
1206,2007,2.16,2.16,3803,11,9,0
1206,2008,1.81,1.81,,11,,
1207,2007,2.16,2.16,,17,,
1208,2007,2.16,2.16,3797,11,8,-0.6
1208,2008,1.81,1.81,,11,,
1209,2007,2.16,2.16,,19,,
1210,2007,2.16,2.16,4206,21,9,0
1211,2007,2.16,2.16,,20,,
1212,2007,2.16,2.16,3787,11,7,-1.2
1213,2007,2.16,2.16,3890,14,7,-1.2
1213,2008,1.81,1.81,4373,14,9,0
1213,2009,1.27,1.27,4795,14,10,0.6
1214,2007,2.16,2.16,,17,,
1215,2007,2.16,2.16,4044,17,7,-1.2
1215,2008,1.81,1.81,4504,17,9,0
1215,2009,1.27,1.27,,17,,
1216,2007,2.16,2.16,4249,22,14,3.01
1217,2007,2.16,2.16,,17,,
1218,2007,2.16,2.16,,18,,
1218,2008,1.81,1.81,,11,,
1219,2007,2.16,2.16,,17,,
1220,2007,2.16,2.16,4178,20,9,0
1220,2008,1.81,1.81,4607,20,9,0
1221,2007,2.16,2.16,4168,20,9,0
1221,2008,1.81,1.81,4584,20,9,0
1222,2007,2.16,2.16,,19,,
1223,2007,2.16,2.16,3994,16,9,0
1223,2008,1.81,1.81,4445,16,8,-0.6
1224,2007,2.16,2.16,4150,20,11,1.2
1225,2007,2.16,2.16,4272,22,9,0
1226,2007,2.16,2.16,4075,18,10,0.6
1227,2007,2.16,2.16,,16,,
1228,2007,2.16,2.16,,11,,
1229,2007,2.16,2.16,4057,18,8,-0.6
1229,2008,1.81,1.81,4510,18,9,0
1230,2007,2.16,2.16,,19,,
1231,2007,2.16,2.16,4032,17,7,-1.2
1232,2007,2.16,2.16,,20,,
1233,2007,2.16,2.16,4129,19,7,-1.2
1233,2008,1.81,1.81,,19,,
1234,2007,2.16,2.16,,20,,
1235,2007,2.16,2.16,4268,22,7,-1.2
1235,2008,1.81,1.81,4697,22,9,0
1235,2009,1.27,1.27,5062,22,9,0
1235,2010,1.76,1.76,5668,22,11,1.2
1236,2007,2.16,2.16,3972,16,7,-1.2
1236,2008,1.81,1.81,4442,16,8,-0.6
1236,2009,1.27,1.27,4845,16,9,0
1236,2010,1.76,1.76,5318,16,9,0
1237,2007,2.16,2.16,4028,17,6,-1.81
1237,2008,1.81,1.81,4489,17,9,0
1237,2009,1.27,1.27,4888,17,8,-0.6
1238,2007,2.16,2.16,4267,22,8,-0.6
1239,2007,2.16,2.16,,13,,
1240,2007,2.16,2.16,4204,21,8,-0.6
1241,2007,2.16,2.16,4041,17,8,-0.6
1242,2007,2.16,2.16,,19,,
1243,2007,2.16,2.16,4184,21,9,0
1244,2007,2.16,2.16,,20,,
1245,2007,2.16,2.16,3814,12,9,0
1246,2007,2.16,2.16,4067,18,9,0
1247,2007,2.16,2.16,4102,19,12,1.81
1247,2008,1.81,1.81,,19,,
1248,2007,2.16,2.16,3989,16,8,-0.6
1248,2008,1.81,1.81,4453,16,9,0
1249,2007,2.16,2.16,3977,16,7,-1.2
1249,2008,1.81,1.81,4431,16,8,-0.6
1249,2009,1.27,1.27,,16,,
1250,2007,2.16,2.16,3979,16,8,-0.6
1251,2007,2.16,2.16,4002,16,7,-1.2
1251,2008,1.81,1.81,4460,16,9,0
1251,2009,1.27,1.27,,16,,
1252,2007,2.16,2.16,4210,21,4,-3.01
1253,2007,2.16,2.16,4154,20,5,-2.41
1253,2008,1.81,1.81,4589,20,6,-1.81
1254,2007,2.16,2.16,4031,17,6,-1.81
1255,2007,2.16,2.16,3776,11,9,0
1256,2007,2.16,2.16,4259,22,7,-1.2
1256,2008,1.81,1.81,4687,22,6,-1.81
1257,2007,2.16,2.16,4022,17,10,0.6
1258,2007,2.16,2.16,4015,17,7,-1.2
1259,2007,2.16,2.16,3935,15,9,0
1260,2007,2.16,2.16,4177,20,9,0
1260,2008,1.81,1.81,4615,20,7,-1.2
1260,2009,1.27,1.27,4991,20,9,0
1261,2007,2.16,2.16,4276,22,9,0
1262,2007,2.16,2.16,3944,15,7,-1.2
1262,2008,1.81,1.81,,15,,
1263,2007,2.16,2.16,3942,15,6,-1.81
1264,2007,2.16,2.16,4166,20,9,0
1264,2008,1.81,1.81,,20,,
1265,2007,2.16,2.16,4081,18,7,-1.2
1265,2008,1.81,1.81,4532,18,8,-0.6
1266,2007,2.16,2.16,4136,19,7,-1.2
1267,2007,2.16,2.16,3904,14,9,0
1268,2007,2.16,2.16,4225,21,8,-0.6
1268,2008,1.81,1.81,,21,,
1269,2007,2.16,2.16,3924,14,9,0
1270,2006,1.39,1.39,,21,,
1270,2008,1.81,1.81,4649,21,9,0
1270,2009,1.27,1.27,5026,21,8,-0.6
1271,2007,2.16,2.16,4226,21,8,-0.6
1271,2008,1.81,1.81,,21,,
1272,2007,2.16,2.16,3830,12,7,-1.2
1273,2007,2.16,2.16,4093,19,11,1.2
1274,2007,2.16,2.16,3992,16,10,0.6
1275,2007,2.16,2.16,3918,14,10,0.6
1276,2007,2.16,2.16,4218,21,8,-0.6
1277,2007,2.16,2.16,4008,17,10,0.6
1277,2008,1.81,1.81,,17,,
1278,2007,2.16,2.16,4237,22,7,-1.2
1279,2007,2.16,2.16,3897,14,8,-0.6
1280,2007,2.16,2.16,3939,15,8,-0.6
1280,2008,1.81,1.81,,15,,
1281,2007,2.16,2.16,4176,20,10,0.6
1282,2007,2.16,2.16,3962,16,8,-0.6
1283,2007,2.16,2.16,4263,22,6,-1.81
1284,2007,2.16,2.16,3818,12,12,1.81
1284,2008,1.81,1.81,4321,12,13,2.41
1284,2009,1.27,1.27,4745,12,13,2.41
1285,2007,2.16,2.16,4035,17,7,-1.2
1286,2007,2.16,2.16,4012,17,8,-0.6
1286,2008,1.81,1.81,4475,17,9,0
1287,2007,2.16,2.16,3954,15,8,-0.6
1287,2008,1.81,1.81,4413,15,9,0
1288,2007,2.16,2.16,3791,11,9,0
1289,2007,2.16,2.16,3802,11,7,-1.2
1290,2007,2.16,2.16,3991,16,8,-0.6
1291,2007,2.16,2.16,4252,22,9,0
1291,2008,1.81,1.81,4692,22,9,0
1292,2007,2.16,2.16,4077,18,9,0
1292,2008,1.81,1.81,4533,18,10,0.6
1293,2007,2.16,2.16,3806,11,4,-3.01
1293,2008,1.81,1.81,,11,,
1294,2007,2.16,2.16,3975,16,11,1.2
1295,2007,2.16,2.16,3982,16,5,-2.41
1295,2008,1.81,1.81,4458,16,9,0
1295,2009,1.27,1.27,,16,,
1296,2007,2.16,2.16,3784,11,9,0
1296,2008,1.81,1.81,4289,11,10,0.6
1296,2009,1.27,1.27,,11,,
1297,2007,2.16,2.16,3990,16,6,-1.81
1297,2008,1.81,1.81,4470,16,8,-0.6
1297,2009,1.27,1.27,,16,,
1298,2007,2.16,2.16,4029,17,9,0
1299,2007,2.16,2.16,3905,14,9,0
1299,2008,1.81,1.81,4387,14,10,0.6
1300,2007,2.16,2.16,3921,14,8,-0.6
1301,2007,2.16,2.16,4047,18,8,-0.6
1301,2008,1.81,1.81,4345,13,8,-0.6
1302,2007,2.16,2.16,4105,19,9,0
1303,2007,2.16,2.16,3794,11,7,-1.2
1304,2007,2.16,2.16,3828,12,8,-0.6
1305,2007,2.16,2.16,3841,12,8,-0.6
1305,2008,1.81,1.81,4335,12,7,-1.2
1305,2009,1.27,1.27,4759,12,7,-1.2
1306,2007,2.16,2.16,3852,13,9,0
1307,2007,2.16,2.16,3866,13,11,1.2
1308,2007,2.16,2.16,3876,13,9,0
1309,2007,2.16,2.16,3877,13,9,0
1310,2007,2.16,2.16,3886,14,11,1.2
1311,2007,2.16,2.16,4106,19,10,0.6
1311,2008,1.81,1.81,4553,19,11,1.2
1312,2007,2.16,2.16,4160,20,8,-0.6
1313,2007,2.16,2.16,4143,20,7,-1.2
1314,2007,2.16,2.16,4104,19,11,1.2
1315,2007,2.16,2.16,4096,19,8,-0.6
1316,2007,2.16,2.16,3780,11,13,2.41
1317,2007,2.16,2.16,3917,14,8,-0.6
1317,2008,1.81,1.81,4393,14,8,-0.6
1318,2007,2.16,2.16,4266,22,8,-0.6
1318,2008,1.81,1.81,4681,22,8,-0.6
1318,2009,1.27,1.27,5058,22,7,-1.2
1319,2008,1.81,1.81,,14,,
1320,2008,1.81,1.81,,13,,
1321,2008,1.81,1.81,,20,,
1322,2008,1.81,1.81,4299,11,8,-0.6
1323,2008,1.81,1.81,4388,14,7,-1.2
1323,2009,1.27,1.27,4812,14,8,-0.6
1323,2010,1.76,1.76,5232,14,8,-0.6
1324,2008,1.81,1.81,,11,,
1325,2008,1.81,1.81,,14,,
1326,2008,1.81,1.81,4566,19,8,-0.6
1327,2008,1.81,1.81,4280,11,7,-1.2
1328,2008,1.81,1.81,4306,11,6,-1.81
1328,2009,1.27,1.27,4730,11,7,-1.2
1328,2010,1.76,1.76,5122,11,9,0
1329,2008,1.81,1.81,,19,,
1330,2008,1.81,1.81,4474,17,9,0
1330,2009,1.27,1.27,,17,,
1330,2010,1.76,1.76,,17,,
1331,2008,1.81,1.81,4605,20,9,0
1332,2008,1.81,1.81,4447,16,6,-1.81
1332,2009,1.27,1.27,,16,,
1333,2008,1.81,1.81,,18,,
1334,2008,1.81,1.81,4482,17,8,-0.6
1335,2008,1.81,1.81,4406,15,8,-0.6
1335,2009,1.27,1.27,4824,15,10,0.6
1335,2010,1.76,1.76,,15,,
1336,2008,1.81,1.81,4561,19,9,0
1337,2008,1.81,1.81,,17,,
1338,2008,1.81,1.81,4588,20,7,-1.2
1338,2009,1.27,1.27,4970,20,8,-0.6
1339,2008,1.81,1.81,4628,21,7,-1.2
1339,2009,1.27,1.27,5007,21,10,0.6
1339,2010,1.76,1.76,5606,21,9,0
1340,2008,1.81,1.81,4704,22,8,-0.6
1340,2009,1.27,1.27,5052,22,10,0.6
1341,2008,1.81,1.81,,14,,
1342,2008,1.81,1.81,,15,,
1343,2008,1.81,1.81,4392,14,6,-1.81
1344,2008,1.81,1.81,,19,,
1345,2008,1.81,1.81,4611,20,8,-0.6
1346,2008,1.81,1.81,4646,21,7,-1.2
1347,2008,1.81,1.81,4583,20,8,-0.6
1347,2009,1.27,1.27,4969,20,9,0
1347,2010,1.76,1.76,5541,20,9,0
1348,2008,1.81,1.81,4654,21,6,-1.81
1349,2008,1.81,1.81,4385,14,5,-2.41
1350,2008,1.81,1.81,4703,22,8,-0.6
1351,2008,1.81,1.81,4465,16,9,0
1352,2008,1.81,1.81,,21,,
1353,2008,1.81,1.81,,17,,
1354,2008,1.81,1.81,4466,16,4,-3.01
1355,2008,1.81,1.81,4559,19,9,0
1356,2008,1.81,1.81,4343,13,8,-0.6
1357,2008,1.81,1.81,4400,14,9,0
1358,2008,1.81,1.81,4567,19,9,0
1359,2008,1.81,1.81,,12,,
1360,2008,1.81,1.81,4676,22,8,-0.6
1361,2008,1.81,1.81,4338,13,9,0
1362,2008,1.81,1.81,,12,,
1363,2008,1.81,1.81,4344,13,8,-0.6
1364,2008,1.81,1.81,4520,18,8,-0.6
1364,2009,1.27,1.27,4912,18,6,-1.81
1365,2008,1.81,1.81,,17,,
1366,2008,1.81,1.81,4353,13,8,-0.6
1367,2008,1.81,1.81,4569,19,8,-0.6
1368,2008,1.81,1.81,,16,,
1369,2008,1.81,1.81,4467,16,8,-0.6
1369,2009,1.27,1.27,4869,16,11,1.2
1370,2008,1.81,1.81,4491,17,11,1.2
1371,2008,1.81,1.81,4587,20,6,-1.81
1371,2009,1.27,1.27,4977,20,9,0
1371,2010,1.76,1.76,,20,,
1372,2008,1.81,1.81,4298,11,7,-1.2
1373,2008,1.81,1.81,,19,,
1373,2009,1.27,1.27,,18,,
1374,2008,1.81,1.81,4295,11,10,0.6
1374,2009,1.27,1.27,,11,,
1375,2008,1.81,1.81,4368,13,10,0.6
1376,2008,1.81,1.81,4408,15,6,-1.81
1377,2008,1.81,1.81,4418,15,8,-0.6
1378,2008,1.81,1.81,4409,15,6,-1.81
1379,2008,1.81,1.81,,14,,
1380,2008,1.81,1.81,4333,12,9,0
1381,2008,1.81,1.81,4377,14,8,-0.6
1382,2008,1.81,1.81,4428,15,7,-1.2
1383,2008,1.81,1.81,4325,12,9,0
1383,2009,1.27,1.27,4751,12,9,0
1384,2009,1.27,1.27,4729,11,9,0
1385,2008,1.81,1.81,4699,22,8,-0.6
1385,2009,1.27,1.27,5063,22,6,-1.81
1385,2010,1.76,1.76,,22,,
1386,2008,1.81,1.81,,14,,
1387,2008,1.81,1.81,,13,,
1388,2008,1.81,1.81,,14,,
1389,2008,1.81,1.81,,11,,
1390,2008,1.81,1.81,4538,18,7,-1.2
1391,2008,1.81,1.81,,12,,
1392,2008,1.81,1.81,4358,13,10,0.6
1393,2008,1.81,1.81,4633,21,8,-0.6
1394,2008,1.81,1.81,4347,13,10,0.6
1394,2009,1.27,1.27,4772,13,11,1.2
1394,2010,1.76,1.76,5189,13,12,1.81
1394,2011,1.3,1.3,5770,13,11,1.2
1395,2008,1.81,1.81,,14,,
1396,2008,1.81,1.81,4517,18,7,-1.2
1397,2008,1.81,1.81,4427,15,7,-1.2
1398,2008,1.81,1.81,4370,14,10,0.6
1398,2009,1.27,1.27,4801,14,8,-0.6
1399,2008,1.81,1.81,4425,15,8,-0.6
1399,2009,1.27,1.27,4839,15,9,0
1400,2009,1.27,1.27,4737,12,9,0
1401,2008,1.81,1.81,4452,16,6,-1.81
1401,2009,1.27,1.27,4863,16,9,0
1401,2010,1.76,1.76,5361,16,9,0
1402,2008,1.81,1.81,,11,,
1403,2008,1.81,1.81,4685,22,6,-1.81
1404,2008,1.81,1.81,4543,19,10,0.6
1404,2009,1.27,1.27,4940,19,10,0.6
1405,2008,1.81,1.81,4632,21,9,0
1406,2008,1.81,1.81,,13,,
1407,2008,1.81,1.81,4395,14,10,0.6
1408,2008,1.81,1.81,4360,13,4,-3.01
1409,2008,1.81,1.81,4672,22,8,-0.6
1409,2009,1.27,1.27,,22,,
1409,2010,1.76,1.76,,22,,
1410,2008,1.81,1.81,,11,,
1411,2008,1.81,1.81,,15,,
1412,2009,1.27,1.27,5006,21,10,0.6
1413,2008,1.81,1.81,,11,,
1414,2008,1.81,1.81,4596,20,8,-0.6
1415,2008,1.81,1.81,4675,22,10,0.6
1416,2008,1.81,1.81,4348,13,13,2.41
1416,2009,1.27,1.27,4778,13,8,-0.6
1416,2010,1.76,1.76,5194,13,9,0
1417,2008,1.81,1.81,4326,12,8,-0.6
1418,2008,1.81,1.81,4541,19,8,-0.6
1419,2008,1.81,1.81,4562,19,6,-1.81
1420,2008,1.81,1.81,4691,22,6,-1.81
1421,2008,1.81,1.81,4375,14,8,-0.6
1422,2008,1.81,1.81,,15,,
1422,2009,1.27,1.27,4846,16,7,-1.2
1422,2010,1.76,1.76,5325,16,14,3.01
1423,2008,1.81,1.81,4417,15,8,-0.6
1424,2008,1.81,1.81,4419,15,11,1.2
1424,2009,1.27,1.27,4841,15,12,1.81
1425,2008,1.81,1.81,,13,,
1426,2009,1.27,1.27,4963,20,10,0.6
1427,2008,1.81,1.81,4665,22,13,2.41
1428,2008,1.81,1.81,4384,14,8,-0.6
1429,2008,1.81,1.81,4414,15,9,0
1430,2008,1.81,1.81,4493,17,7,-1.2
1430,2009,1.27,1.27,,17,,
1431,2008,1.81,1.81,4441,16,9,0
1431,2009,1.27,1.27,,16,,
1432,2008,1.81,1.81,4473,17,9,0
1432,2009,1.27,1.27,,17,,
1433,2008,1.81,1.81,4448,16,6,-1.81
1434,2008,1.81,1.81,4512,18,8,-0.6
1435,2008,1.81,1.81,4652,21,7,-1.2
1435,2009,1.27,1.27,5028,21,8,-0.6
1435,2010,1.76,1.76,5617,21,10,0.6
1436,2008,1.81,1.81,4324,12,7,-1.2
1436,2009,1.27,1.27,4749,12,7,-1.2
1436,2010,1.76,1.76,5150,12,8,-0.6
1436,2011,1.3,1.3,5738,12,7,-1.2
1437,2008,1.81,1.81,4311,12,9,0
1438,2008,1.81,1.81,4688,22,7,-1.2
1438,2009,1.27,1.27,5050,22,10,0.6
1438,2010,1.76,1.76,,22,,
1439,2008,1.81,1.81,4656,21,6,-1.81
1440,2008,1.81,1.81,4659,21,10,0.6
1441,2008,1.81,1.81,4639,21,12,1.81
1442,2008,1.81,1.81,4435,16,8,-0.6
1442,2009,1.27,1.27,,16,,
1443,2008,1.81,1.81,4483,17,7,-1.2
1443,2009,1.27,1.27,4878,17,8,-0.6
1444,2008,1.81,1.81,4446,16,12,1.81
1445,2008,1.81,1.81,4655,21,7,-1.2
1446,2008,1.81,1.81,4341,13,8,-0.6
1447,2008,1.81,1.81,4399,14,7,-1.2
1447,2009,1.27,1.27,4817,14,8,-0.6
1448,2008,1.81,1.81,4498,17,7,-1.2
1449,2008,1.81,1.81,4346,13,10,0.6
1449,2009,1.27,1.27,4777,13,11,1.2
1450,2008,1.81,1.81,4613,20,8,-0.6
1451,2008,1.81,1.81,4593,20,8,-0.6
1452,2008,1.81,1.81,4351,13,7,-1.2
1453,2008,1.81,1.81,4402,15,7,-1.2
1454,2008,1.81,1.81,4415,15,9,0
1455,2008,1.81,1.81,4422,15,8,-0.6
1456,2008,1.81,1.81,4355,13,10,0.6
1457,2008,1.81,1.81,4352,13,10,0.6
1458,2008,1.81,1.81,4682,22,8,-0.6
1459,2008,1.81,1.81,4585,20,9,0
1460,2008,1.81,1.81,4667,22,7,-1.2
1461,2008,1.81,1.81,4443,16,8,-0.6
1462,2008,1.81,1.81,4539,18,7,-1.2
1462,2009,1.27,1.27,,18,,
1462,2010,1.76,1.76,,18,,
1463,2008,1.81,1.81,4571,19,7,-1.2
1464,2008,1.81,1.81,4590,20,6,-1.81
1465,2008,1.81,1.81,4701,22,10,0.6
1465,2009,1.27,1.27,5067,22,11,1.2
1465,2010,1.76,1.76,5675,22,10,0.6
1466,2008,1.81,1.81,4501,17,8,-0.6
1467,2008,1.81,1.81,4594,20,9,0
1467,2009,1.27,1.27,4976,20,10,0.6
1468,2008,1.81,1.81,4320,12,8,-0.6
1469,2008,1.81,1.81,4284,11,9,0
1470,2008,1.81,1.81,4283,11,9,0
1470,2009,1.27,1.27,4710,11,10,0.6
1471,2008,1.81,1.81,4564,19,10,0.6
1471,2009,1.27,1.27,4953,19,12,1.81
1471,2010,1.76,1.76,5524,19,11,1.2
1472,2008,1.81,1.81,4547,19,7,-1.2
1473,2008,1.81,1.81,4330,12,10,0.6
1473,2009,1.27,1.27,4762,12,9,0
1473,2010,1.76,1.76,5171,12,10,0.6
1474,2008,1.81,1.81,4403,15,8,-0.6
1475,2008,1.81,1.81,4307,11,10,0.6
1476,2008,1.81,1.81,4500,17,8,-0.6
1476,2009,1.27,1.27,4895,17,8,-0.6
1476,2010,1.76,1.76,,17,,
1477,2008,1.81,1.81,4487,17,8,-0.6
1478,2008,1.81,1.81,4578,20,8,-0.6
1479,2008,1.81,1.81,4433,16,6,-1.81
1480,2008,1.81,1.81,4300,11,7,-1.2
1481,2008,1.81,1.81,4503,17,8,-0.6
1481,2009,1.27,1.27,4893,17,8,-0.6
1481,2010,1.76,1.76,,17,,
1482,2008,1.81,1.81,4631,21,7,-1.2
1483,2009,1.27,1.27,4828,15,9,0
1483,2010,1.76,1.76,,15,,
1484,2009,1.27,1.27,4747,12,8,-0.6
1484,2010,1.76,1.76,,12,,
1485,2009,1.27,1.27,,15,,
1486,2009,1.27,1.27,,21,,
1487,2009,1.27,1.27,4788,13,10,0.6
1487,2010,1.76,1.76,,13,,
1488,2009,1.27,1.27,4957,19,9,0
1489,2009,1.27,1.27,4855,16,8,-0.6
1489,2010,1.76,1.76,5352,16,10,0.6
1489,2011,1.3,1.3,5889,16,9,0
1490,2010,1.76,1.76,,14,,
1491,2009,1.27,1.27,4802,14,8,-0.6
1492,2009,1.27,1.27,4742,12,8,-0.6
1493,2009,1.27,1.27,4986,20,8,-0.6
1493,2010,1.76,1.76,,20,,
1494,2009,1.27,1.27,4723,11,8,-0.6
1495,2009,1.27,1.27,4933,19,8,-0.6
1495,2010,1.76,1.76,5487,19,10,0.6
1495,2011,1.3,1.3,5977,19,9,0
1496,2009,1.27,1.27,4756,12,10,0.6
1497,2009,1.27,1.27,,17,,
1498,2009,1.27,1.27,5030,21,6,-1.81
1498,2010,1.76,1.76,5615,21,7,-1.2
1499,2009,1.27,1.27,4764,12,8,-0.6
1500,2009,1.27,1.27,4862,16,7,-1.2
1500,2010,1.76,1.76,5359,16,9,0
1501,2009,1.27,1.27,4974,20,9,0
1502,2009,1.27,1.27,,18,,
1503,2010,1.76,1.76,5399,17,11,1.2
1504,2009,1.27,1.27,4959,19,10,0.6
1505,2009,1.27,1.27,4831,15,9,0
1506,2009,1.27,1.27,4928,18,9,0
1507,2009,1.27,1.27,,15,,
1507,2010,1.76,1.76,,15,,
1508,2009,1.27,1.27,4719,11,8,-0.6
1508,2010,1.76,1.76,,11,,
1509,2009,1.27,1.27,4842,15,8,-0.6
1509,2010,1.76,1.76,5300,15,8,-0.6
1510,2009,1.27,1.27,4793,13,8,-0.6
1511,2009,1.27,1.27,,15,,
1512,2009,1.27,1.27,4903,18,9,0
1513,2009,1.27,1.27,4721,11,9,0
1514,2009,1.27,1.27,4899,17,7,-1.2
1515,2009,1.27,1.27,4950,19,7,-1.2
1515,2010,1.76,1.76,,19,,
1516,2009,1.27,1.27,4960,19,9,0
1516,2010,1.76,1.76,5525,19,10,0.6
1516,2011,1.3,1.3,6002,19,10,0.6
1517,2009,1.27,1.27,,22,,
1518,2009,1.27,1.27,4819,14,10,0.6
1518,2010,1.76,1.76,5262,14,10,0.6
1519,2009,1.27,1.27,4838,15,9,0
1520,2009,1.27,1.27,4860,16,8,-0.6
1520,2010,1.76,1.76,5351,16,7,-1.2
1521,2009,1.27,1.27,4921,18,5,-2.41
1521,2010,1.76,1.76,,18,,
1522,2009,1.27,1.27,,16,,
1523,2009,1.27,1.27,4714,11,9,0
1523,2010,1.76,1.76,5083,11,10,0.6
1524,2009,1.27,1.27,,16,,
1525,2009,1.27,1.27,,16,,
1526,2009,1.27,1.27,4951,19,7,-1.2
1526,2010,1.76,1.76,,19,,
1527,2009,1.27,1.27,,20,,
1528,2009,1.27,1.27,5014,21,8,-0.6
1528,2010,1.76,1.76,5590,21,7,-1.2
1528,2011,1.3,1.3,6053,21,7,-1.2
1529,2009,1.27,1.27,,21,,
1530,2009,1.27,1.27,4718,11,8,-0.6
1531,2009,1.27,1.27,4988,20,6,-1.81
1532,2009,1.27,1.27,4785,13,10,0.6
1533,2009,1.27,1.27,,20,,
1534,2009,1.27,1.27,4954,19,8,-0.6
1534,2010,1.76,1.76,5511,19,9,0
1535,2009,1.27,1.27,5072,17,9,0
1536,2009,1.27,1.27,5036,21,7,-1.2
1536,2010,1.76,1.76,5626,21,14,3.01
1537,2009,1.27,1.27,4874,17,6,-1.81
1537,2010,1.76,1.76,,17,,
1538,2009,1.27,1.27,4879,17,9,0
1538,2010,1.76,1.76,5378,17,9,0
1538,2011,1.3,1.3,5899,17,9,0
1539,2009,1.27,1.27,4980,20,10,0.6
1539,2010,1.76,1.76,5562,20,12,1.81
1540,2009,1.27,1.27,,22,,
1540,2010,1.76,1.76,,22,,
1541,2009,1.27,1.27,4897,17,8,-0.6
1542,2009,1.27,1.27,,21,,
1542,2010,1.76,1.76,,21,,
1543,2009,1.27,1.27,4966,20,7,-1.2
1543,2010,1.76,1.76,5534,20,10,0.6
1544,2009,1.27,1.27,4790,13,9,0
1545,2009,1.27,1.27,5068,22,9,0
1545,2010,1.76,1.76,5650,22,10,0.6
1546,2009,1.27,1.27,4834,15,9,0
1546,2010,1.76,1.76,5277,15,10,0.6
1547,2009,1.27,1.27,4771,13,9,0
1547,2010,1.76,1.76,5187,13,10,0.6
1548,2009,1.27,1.27,4813,14,9,0
1548,2010,1.76,1.76,,14,,
1549,2009,1.27,1.27,,16,,
1550,2009,1.27,1.27,,16,,
1551,2009,1.27,1.27,5042,22,9,0
1552,2009,1.27,1.27,4717,11,8,-0.6
1552,2010,1.76,1.76,5101,11,9,0
1553,2009,1.27,1.27,5049,22,6,-1.81
1554,2009,1.27,1.27,4758,12,7,-1.2
1554,2010,1.76,1.76,,12,,
1555,2009,1.27,1.27,,16,,
1556,2009,1.27,1.27,4905,18,8,-0.6
1557,2009,1.27,1.27,4707,11,9,0
1557,2010,1.76,1.76,5079,11,9,0
1558,2009,1.27,1.27,5008,21,7,-1.2
1558,2010,1.76,1.76,5577,21,8,-0.6
1558,2011,1.3,1.3,6046,21,8,-0.6
1559,2009,1.27,1.27,4720,11,8,-0.6
1560,2009,1.27,1.27,4894,17,8,-0.6
1561,2010,1.76,1.76,5624,21,9,0
1562,2009,1.27,1.27,4982,20,7,-1.2
1562,2010,1.76,1.76,,20,,
1563,2009,1.27,1.27,4975,20,9,0
1563,2010,1.76,1.76,,20,,
1564,2009,1.27,1.27,5064,22,5,-2.41
1564,2010,1.76,1.76,,22,,
1565,2009,1.27,1.27,4736,12,7,-1.2
1565,2010,1.76,1.76,5130,12,9,0
1566,2009,1.27,1.27,4798,14,8,-0.6
1566,2010,1.76,1.76,,14,,
1567,2009,1.27,1.27,5035,21,9,0
1568,2009,1.27,1.27,4836,15,8,-0.6
1569,2009,1.27,1.27,4880,17,8,-0.6
1569,2010,1.76,1.76,5381,17,7,-1.2
1569,2011,1.3,1.3,5904,17,10,0.6
1570,2009,1.27,1.27,4872,17,6,-1.81
1571,2009,1.27,1.27,4907,18,9,0
1571,2010,1.76,1.76,5430,18,11,1.2
1572,2009,1.27,1.27,4815,14,9,0
1573,2009,1.27,1.27,4949,19,8,-0.6
1574,2009,1.27,1.27,4837,15,9,0
1574,2010,1.76,1.76,5294,15,9,0
1574,2011,1.3,1.3,5842,15,10,0.6
1575,2009,1.27,1.27,5000,21,9,0
1575,2010,1.76,1.76,5580,21,11,1.2
1575,2011,1.3,1.3,6050,21,9,0
1576,2009,1.27,1.27,5018,21,8,-0.6
1576,2010,1.76,1.76,5582,21,7,-1.2
1577,2009,1.27,1.27,5040,22,9,0
1578,2009,1.27,1.27,4829,15,6,-1.81
1579,2009,1.27,1.27,5065,22,5,-2.41
1579,2010,1.76,1.76,5642,22,9,0
1579,2011,1.3,1.3,6101,22,9,0
1580,2009,1.27,1.27,4847,16,9,0
1580,2010,1.76,1.76,,16,,
1581,2009,1.27,1.27,4856,16,9,0
1581,2010,1.76,1.76,5365,16,11,1.2
1582,2009,1.27,1.27,4892,17,7,-1.2
1583,2009,1.27,1.27,5046,22,6,-1.81
1583,2010,1.76,1.76,5655,22,9,0
1583,2011,1.3,1.3,6081,22,7,-1.2
1584,2009,1.27,1.27,5044,22,7,-1.2
1584,2010,1.76,1.76,5644,22,10,0.6
1584,2011,1.3,1.3,6096,22,8,-0.6
1585,2009,1.27,1.27,4733,11,9,0
1586,2009,1.27,1.27,4755,12,9,0
1586,2010,1.76,1.76,5152,12,9,0
1586,2011,1.3,1.3,5741,12,9,0
1587,2009,1.27,1.27,4923,18,8,-0.6
1588,2009,1.27,1.27,4989,20,8,-0.6
1589,2010,1.76,1.76,5135,12,11,1.2
1590,2009,1.27,1.27,4727,11,15,3.61
1591,2010,1.76,1.76,,16,,
1592,2009,1.27,1.27,4883,17,12,1.81
1592,2010,1.76,1.76,5380,17,10,0.6
1592,2011,1.3,1.3,5898,17,10,0.6
1593,2009,1.27,1.27,4890,17,9,0
1593,2010,1.76,1.76,5398,17,11,1.2
1594,2009,1.27,1.27,4866,16,8,-0.6
1594,2010,1.76,1.76,5366,16,11,1.2
1595,2009,1.27,1.27,4944,19,10,0.6
1595,2010,1.76,1.76,5506,19,10,0.6
1596,2010,1.76,1.76,5507,19,8,-0.6
1597,2010,1.76,1.76,5272,15,11,1.2
1598,2010,1.76,1.76,5601,21,9,0
1599,2010,1.76,1.76,5462,18,11,1.2
1599,2011,1.3,1.3,5950,18,10,0.6
1600,2010,1.76,1.76,5544,20,11,1.2
1601,2010,1.76,1.76,5442,18,8,-0.6
1602,2010,1.76,1.76,5551,20,10,0.6
1603,2010,1.76,1.76,5408,17,7,-1.2
1604,2010,1.76,1.76,5284,15,8,-0.6
1605,2010,1.76,1.76,,20,,
1606,2010,1.76,1.76,5279,15,11,1.2
1607,2010,1.76,1.76,5303,15,12,1.81
1607,2011,1.3,1.3,5847,15,10,0.6
1608,2010,1.76,1.76,5313,16,10,0.6
1608,2011,1.3,1.3,5872,16,10,0.6
1609,2010,1.76,1.76,,14,,
1610,2010,1.76,1.76,5289,15,10,0.6
1611,2010,1.76,1.76,,15,,
1612,2010,1.76,1.76,,14,,
1613,2010,1.76,1.76,,19,,
1614,2010,1.76,1.76,5136,12,10,0.6
1615,2010,1.76,1.76,5264,14,11,1.2
1616,2010,1.76,1.76,5315,16,10,0.6
1617,2010,1.76,1.76,,15,,
1618,2010,1.76,1.76,5195,13,9,0
1619,2010,1.76,1.76,5552,20,10,0.6
1619,2011,1.3,1.3,6027,20,10,0.6
1620,2010,1.76,1.76,5202,13,10,0.6
1621,2010,1.76,1.76,5166,12,10,0.6
1622,2010,1.76,1.76,5587,21,7,-1.2
1623,2010,1.76,1.76,5174,12,10,0.6
1623,2011,1.3,1.3,5748,12,9,0
1624,2010,1.76,1.76,,20,,
1625,2010,1.76,1.76,5436,18,10,0.6
1626,2010,1.76,1.76,,18,,
1627,2010,1.76,1.76,,19,,
1628,2010,1.76,1.76,5308,15,9,0
1629,2010,1.76,1.76,,16,,
1630,2010,1.76,1.76,5342,16,10,0.6
1631,2010,1.76,1.76,5515,19,10,0.6
1631,2011,1.3,1.3,5988,19,9,0
1632,2010,1.76,1.76,5621,21,9,0
1633,2010,1.76,1.76,,21,,
1634,2010,1.76,1.76,5672,22,6,-1.81
1635,2010,1.76,1.76,5557,20,9,0
1636,2010,1.76,1.76,,21,,
1637,2010,1.76,1.76,,15,,
1638,2010,1.76,1.76,5200,13,10,0.6
1639,2010,1.76,1.76,5529,20,11,1.2
1639,2011,1.3,1.3,6011,20,11,1.2
1640,2010,1.76,1.76,5571,20,9,0
1641,2010,1.76,1.76,,20,,
1642,2010,1.76,1.76,5231,14,11,1.2
1642,2011,1.3,1.3,5801,14,8,-0.6
1643,2010,1.76,1.76,5176,12,9,0
1644,2010,1.76,1.76,,19,,
1645,2010,1.76,1.76,,20,,
1646,2010,1.76,1.76,5491,19,6,-1.81
1647,2010,1.76,1.76,5426,18,8,-0.6
1647,2011,1.3,1.3,5934,18,7,-1.2
1648,2010,1.76,1.76,5584,21,10,0.6
1648,2011,1.3,1.3,6069,21,9,0
1649,2010,1.76,1.76,5666,22,8,-0.6
1649,2011,1.3,1.3,6076,21,8,-0.6
1650,2010,1.76,1.76,,15,,
1651,2010,1.76,1.76,,15,,
1652,2010,1.76,1.76,,20,,
1653,2010,1.76,1.76,,18,,
1654,2010,1.76,1.76,,19,,
1655,2010,1.76,1.76,,20,,
1656,2010,1.76,1.76,5253,14,10,0.6
1657,2010,1.76,1.76,5497,19,8,-0.6
1658,2010,1.76,1.76,5109,11,8,-0.6
1659,2010,1.76,1.76,5223,13,11,1.2
1660,2010,1.76,1.76,5288,15,8,-0.6
1661,2010,1.76,1.76,5635,22,12,1.81
1662,2010,1.76,1.76,5419,17,9,0
1662,2011,1.3,1.3,5914,17,10,0.6
1663,2010,1.76,1.76,5459,18,9,0
1664,2010,1.76,1.76,5347,16,7,-1.2
1665,2010,1.76,1.76,5634,22,6,-1.81
1665,2011,1.3,1.3,6085,22,9,0
1666,2010,1.76,1.76,,22,,
1667,2010,1.76,1.76,5238,14,10,0.6
1667,2011,1.3,1.3,5807,14,8,-0.6
1668,2010,1.76,1.76,5467,18,7,-1.2
1669,2010,1.76,1.76,5096,11,10,0.6
1670,2010,1.76,1.76,5321,16,10,0.6
1671,2010,1.76,1.76,5257,14,11,1.2
1672,2010,1.76,1.76,5155,12,11,1.2
1673,2010,1.76,1.76,5454,18,9,0
1673,2011,1.3,1.3,6007,20,7,-1.2
1674,2010,1.76,1.76,,21,,
1675,2010,1.76,1.76,,11,,
1676,2010,1.76,1.76,,22,,
1677,2010,1.76,1.76,,13,,
1678,2010,1.76,1.76,5362,16,9,0
1679,2010,1.76,1.76,,14,,
1680,2010,1.76,1.76,5227,14,10,0.6
1681,2010,1.76,1.76,5427,18,10,0.6
1681,2011,1.3,1.3,5929,18,8,-0.6
1682,2010,1.76,1.76,5260,14,8,-0.6
1683,2010,1.76,1.76,5597,21,10,0.6
1683,2011,1.3,1.3,6059,21,11,1.2
1684,2010,1.76,1.76,5494,19,12,1.81
1684,2011,1.3,1.3,5987,19,12,1.81
1685,2010,1.76,1.76,5630,22,5,-2.41
1686,2010,1.76,1.76,,22,,
1687,2010,1.76,1.76,5546,20,12,1.81
1687,2011,1.3,1.3,6023,20,10,0.6
1688,2010,1.76,1.76,,13,,
1689,2010,1.76,1.76,,19,,
1690,2010,1.76,1.76,5084,11,11,1.2
1691,2010,1.76,1.76,5089,11,10,0.6
1692,2010,1.76,1.76,5214,13,8,-0.6
1692,2011,1.3,1.3,5790,13,9,0
1693,2010,1.76,1.76,,14,,
1694,2010,1.76,1.76,,19,,
1695,2010,1.76,1.76,,21,,
1696,2010,1.76,1.76,,18,,
1697,2010,1.76,1.76,5428,18,9,0
1697,2011,1.3,1.3,5935,18,9,0
1698,2010,1.76,1.76,,16,,
1699,2010,1.76,1.76,5119,11,9,0
1700,2010,1.76,1.76,5306,15,13,2.41
1701,2010,1.76,1.76,5661,22,7,-1.2
1701,2011,1.3,1.3,6108,22,8,-0.6
1702,2010,1.76,1.76,5265,14,7,-1.2
1703,2010,1.76,1.76,5632,22,8,-0.6
1704,2010,1.76,1.76,,15,,
1705,2010,1.76,1.76,,12,,
1706,2010,1.76,1.76,5127,12,8,-0.6
1706,2011,1.3,1.3,5728,12,10,0.6
1707,2010,1.76,1.76,,13,,
1708,2010,1.76,1.76,,11,,
1709,2010,1.76,1.76,5298,15,10,0.6
1710,2010,1.76,1.76,,16,,
1711,2010,1.76,1.76,5188,13,10,0.6
1712,2010,1.76,1.76,,16,,
1713,2010,1.76,1.76,5336,16,11,1.2
1714,2010,1.76,1.76,,16,,
1715,2010,1.76,1.76,5103,11,9,0
1716,2010,1.76,1.76,,21,,
1717,2010,1.76,1.76,5620,21,9,0
1717,2011,1.3,1.3,6064,21,8,-0.6
1718,2010,1.76,1.76,5424,18,9,0
1718,2011,1.3,1.3,5926,18,10,0.6
1719,2010,1.76,1.76,5140,12,9,0
1720,2010,1.76,1.76,5090,11,9,0
1721,2010,1.76,1.76,5276,15,9,0
1722,2010,1.76,1.76,5647,22,9,0
1723,2010,1.76,1.76,5569,20,12,1.81
1724,2010,1.76,1.76,5566,20,9,0
1725,2010,1.76,1.76,5116,11,9,0
1726,2010,1.76,1.76,5139,12,10,0.6
1727,2010,1.76,1.76,5146,12,10,0.6
1728,2010,1.76,1.76,5145,12,9,0
1729,2010,1.76,1.76,5104,11,8,-0.6
1729,2011,1.3,1.3,5707,11,6,-1.81
1730,2010,1.76,1.76,5091,11,10,0.6
1731,2010,1.76,1.76,5312,15,8,-0.6
1732,2010,1.76,1.76,5402,17,8,-0.6
1733,2010,1.76,1.76,5384,17,4,-3.01
1734,2010,1.76,1.76,5332,16,10,0.6
1735,2010,1.76,1.76,5337,16,12,1.81
1736,2010,1.76,1.76,5383,17,6,-1.81
1737,2010,1.76,1.76,5450,18,9,0
1738,2010,1.76,1.76,5468,18,9,0
1738,2011,1.3,1.3,5958,18,9,0
1739,2010,1.76,1.76,5637,22,7,-1.2
1740,2010,1.76,1.76,5677,22,8,-0.6
1741,2010,1.76,1.76,5680,22,9,0
1742,2010,1.76,1.76,5404,17,9,0
1743,2010,1.76,1.76,5391,17,8,-0.6
1744,2010,1.76,1.76,5177,12,9,0
1744,2011,1.3,1.3,5751,12,8,-0.6
1745,2010,1.76,1.76,5448,18,8,-0.6
1745,2011,1.3,1.3,5942,18,7,-1.2
1746,2010,1.76,1.76,5484,19,11,1.2
1746,2011,1.3,1.3,5966,19,9,0
1747,2010,1.76,1.76,5547,20,10,0.6
1748,2010,1.76,1.76,5564,20,9,0
1749,2010,1.76,1.76,5196,13,10,0.6
1750,2010,1.76,1.76,5476,19,9,0
1750,2011,1.3,1.3,5972,19,8,-0.6
1751,2010,1.76,1.76,5237,14,8,-0.6
1752,2010,1.76,1.76,5287,15,9,0
1753,2010,1.76,1.76,5092,11,10,0.6
1754,2010,1.76,1.76,5240,14,10,0.6
1755,2010,1.76,1.76,5323,16,12,1.81
1756,2010,1.76,1.76,5154,12,9,0
1757,2010,1.76,1.76,5469,18,8,-0.6
1758,2010,1.76,1.76,5184,13,9,0
1758,2011,1.3,1.3,5781,13,8,-0.6
1759,2010,1.76,1.76,5249,14,10,0.6
1760,2010,1.76,1.76,5269,14,8,-0.6
1761,2010,1.76,1.76,5259,14,11,1.2
1762,2010,1.76,1.76,5167,12,10,0.6
1762,2011,1.3,1.3,5754,12,9,0
1763,2010,1.76,1.76,5125,12,8,-0.6
1764,2010,1.76,1.76,5241,14,11,1.2
1765,2010,1.76,1.76,5270,14,11,1.2
1766,2010,1.76,1.76,5235,14,7,-1.2
1766,2011,1.3,1.3,5811,14,9,0
1767,2010,1.76,1.76,5141,12,8,-0.6
1768,2010,1.76,1.76,5172,12,11,1.2
1768,2011,1.3,1.3,5750,12,10,0.6
1769,2010,1.76,1.76,5115,11,9,0
1769,2011,1.3,1.3,5705,11,8,-0.6
1770,2010,1.76,1.76,5475,19,7,-1.2
1771,2010,1.76,1.76,5505,19,10,0.6
1772,2010,1.76,1.76,5108,11,8,-0.6
1773,2010,1.76,1.76,5165,12,11,1.2
1774,2010,1.76,1.76,5160,12,8,-0.6
1775,2010,1.76,1.76,5604,21,9,0
1775,2011,1.3,1.3,6062,21,10,0.6
1776,2010,1.76,1.76,5192,13,8,-0.6
1777,2010,1.76,1.76,5370,17,9,0
1777,2011,1.3,1.3,5891,17,10,0.6
1778,2010,1.76,1.76,5204,13,9,0
1779,2010,1.76,1.76,5111,11,10,0.6
1780,2010,1.76,1.76,5537,20,7,-1.2
1781,2010,1.76,1.76,5081,11,10,0.6
1782,2010,1.76,1.76,5102,11,7,-1.2
1783,2010,1.76,1.76,5106,11,9,0
1784,2010,1.76,1.76,5627,21,10,0.6
1784,2011,1.3,1.3,6074,21,7,-1.2
1785,2010,1.76,1.76,5603,21,6,-1.81
1785,2011,1.3,1.3,6072,21,7,-1.2
1786,2010,1.76,1.76,5608,21,8,-0.6
1787,2010,1.76,1.76,5514,19,6,-1.81
1788,2010,1.76,1.76,5078,11,9,0
1789,2010,1.76,1.76,5328,16,9,0
1790,2010,1.76,1.76,5124,11,7,-1.2
1791,2010,1.76,1.76,5097,11,10,0.6
1791,2011,1.3,1.3,5693,11,9,0
1792,2010,1.76,1.76,5414,17,9,0
1793,2010,1.76,1.76,5395,17,10,0.6
1794,2010,1.76,1.76,5628,22,6,-1.81
1796,2011,1.3,1.3,6056,21,9,0
1797,2011,1.3,1.3,5906,17,9,0
1798,2011,1.3,1.3,6078,21,10,0.6
1799,2011,1.3,1.3,6067,21,9,0
1800,2011,1.3,1.3,6094,22,5,-2.41
1801,2011,1.3,1.3,5836,15,10,0.6
1802,2011,1.3,1.3,5837,15,8,-0.6
1803,2011,1.3,1.3,5956,18,8,-0.6
1804,2011,1.3,1.3,5852,15,10,0.6
1805,2011,1.3,1.3,5727,12,7,-1.2
1806,2011,1.3,1.3,6030,20,9,0
1807,2011,1.3,1.3,5995,19,10,0.6
1808,2011,1.3,1.3,5800,14,9,0
1809,2011,1.3,1.3,5820,14,10,0.6
1810,2011,1.3,1.3,5798,14,9,0
1811,2011,1.3,1.3,5814,14,10,0.6
1812,2011,1.3,1.3,5742,12,9,0
1813,2011,1.3,1.3,5931,18,8,-0.6
1814,2011,1.3,1.3,6032,20,9,0
1815,2011,1.3,1.3,6084,22,8,-0.6
1816,2011,1.3,1.3,5825,15,10,0.6
1817,2011,1.3,1.3,5806,14,10,0.6
1818,2011,1.3,1.3,5786,13,7,-1.2
1819,2011,1.3,1.3,5700,11,9,0
1820,2011,1.3,1.3,5921,17,8,-0.6
1821,2011,1.3,1.3,5782,13,8,-0.6
1822,2011,1.3,1.3,6040,20,9,0
1823,2011,1.3,1.3,5795,13,8,-0.6
1824,2011,1.3,1.3,5989,19,8,-0.6
1825,2011,1.3,1.3,5819,14,9,0
1826,2011,1.3,1.3,5816,14,7,-1.2
1827,2011,1.3,1.3,5775,13,9,0
1828,2011,1.3,1.3,5774,13,8,-0.6
1829,2011,1.3,1.3,5851,15,8,-0.6
1830,2011,1.3,1.3,5855,16,10,0.6
1831,2011,1.3,1.3,6061,21,9,0
1832,2011,1.3,1.3,6106,22,10,0.6
1833,2011,1.3,1.3,5756,12,8,-0.6
1834,2011,1.3,1.3,5862,16,7,-1.2
1835,2011,1.3,1.3,5982,19,10,0.6
1836,2011,1.3,1.3,6055,21,9,0
1837,2011,1.3,1.3,5717,11,9,0
1838,2011,1.3,1.3,6104,22,9,0
1839,2011,1.3,1.3,6119,22,10,0.6
1840,2011,1.3,1.3,6109,22,6,-1.81
1841,2011,1.3,1.3,5940,18,9,0
1842,2011,1.3,1.3,5945,18,11,1.2
1843,2011,1.3,1.3,6025,20,7,-1.2
1844,2011,1.3,1.3,5841,15,9,0
1845,2011,1.3,1.3,5951,18,9,0
1846,2011,1.3,1.3,5734,12,9,0
1847,2011,1.3,1.3,5922,18,9,0
1848,2011,1.3,1.3,6013,20,7,-1.2
1849,2011,1.3,1.3,6036,20,7,-1.2
1850,2011,1.3,1.3,6041,20,10,0.6
1851,2011,1.3,1.3,5785,13,9,0
1852,2011,1.3,1.3,5885,16,8,-0.6
1853,2011,1.3,1.3,5829,15,7,-1.2
1854,2011,1.3,1.3,6039,20,7,-1.2
1855,2011,1.3,1.3,5903,17,5,-2.41
1856,2011,1.3,1.3,5912,17,8,-0.6
1857,2011,1.3,1.3,5896,17,10,0.6
1858,2011,1.3,1.3,5916,17,8,-0.6
1859,2011,1.3,1.3,5991,19,9,0
1860,2011,1.3,1.3,5736,12,10,0.6
1861,2011,1.3,1.3,5817,14,9,0
1862,2011,1.3,1.3,5877,16,8,-0.6
1863,2011,1.3,1.3,5881,16,12,1.81
1864,2011,1.3,1.3,5962,19,9,0
1865,2011,1.3,1.3,5732,12,9,0
1866,2011,1.3,1.3,5745,12,8,-0.6
1867,2011,1.3,1.3,5793,13,8,-0.6
1868,2011,1.3,1.3,5759,13,9,0
1869,2011,1.3,1.3,5952,18,8,-0.6
1870,2011,1.3,1.3,5760,13,12,1.81
1871,2011,1.3,1.3,5689,11,8,-0.6
1872,2011,1.3,1.3,5875,16,12,1.81
1873,2011,1.3,1.3,6012,20,8,-0.6
1874,2011,1.3,1.3,5980,19,9,0
1875,2011,1.3,1.3,6095,22,10,0.6
1876,2011,1.3,1.3,5831,15,10,0.6
1877,2011,1.3,1.3,5843,15,10,0.6
1878,2011,1.3,1.3,5809,14,9,0
1879,2011,1.3,1.3,6019,20,9,0
1880,2011,1.3,1.3,5723,12,6,-1.81
1881,2011,1.3,1.3,5729,12,10,0.6
1882,2011,1.3,1.3,5749,12,7,-1.2
1883,2011,1.3,1.3,5871,16,8,-0.6
1884,2011,1.3,1.3,6063,21,8,-0.6
1885,2011,1.3,1.3,5840,15,8,-0.6
1886,2011,1.3,1.3,5826,15,10,0.6
1887,2011,1.3,1.3,6110,22,5,-2.41
1888,2011,1.3,1.3,5894,17,9,0
1889,2011,1.3,1.3,5686,11,9,0
1890,2011,1.3,1.3,5911,17,8,-0.6
1891,2011,1.3,1.3,6083,22,8,-0.6
1892,2011,1.3,1.3,5907,17,8,-0.6
1893,2011,1.3,1.3,5918,17,10,0.6
1894,2011,1.3,1.3,5902,17,7,-1.2
1895,2011,1.3,1.3,6115,22,7,-1.2